problem,run,order,trial,time,count,generalizes,lprior,llikelihood,lposterior,trs
"c085",0,4,1,1.934369084,2045,true,-14.236912005370792,-0.0010005003335835344,-14.237912505704376,".(C v0_) = v0_;"
"c085",0,4,2,602.540075817,866489,true,-10.242812858139748,-0.1173860755468192,-10.360198933686567,".(C v0_) = .(.(CONS .(DIGIT 4)) NIL);"
"c085",0,4,3,1202.915428501,1548280,true,-7.4547199493640015,-0.3391326769715902,-7.793852626335592,".(C .(.(CONS .(DIGIT v0_)) .(.(CONS .(v1_ v2_)) .(.(CONS .(v3_ v4_)) v5_)))) = .(.(CONS .(v3_ v4_)) NIL);"
"c085",0,4,4,1801.858493053,1973826,true,-7.336936913707618,-0.6662397940541875,-8.003176707761805,".(C .(.(CONS .(DIGIT v0_)) .(.(CONS .(v1_ v2_)) .(.(CONS .(v3_ v4_)) v5_)))) = .(.(CONS .(v3_ v4_)) NIL);"
"c085",0,4,5,2409.88533466,2265779,true,-13.208350229747769,-1.098707426794611,-14.30705765654238,".(C .(.(CONS .(DIGIT 1)) v0_)) = .(.(CONS .(DIGIT 4)) NIL); .(C .(.(CONS .(DIGIT 2)) .(.(CONS .(.(DECC .(DIGIT 6)) 7)) .(.(CONS .(.(DECC .(DIGIT 5)) 2)) .(.(CONS .(.(DECC .(DIGIT 7)) 2)) .(.(CONS .(.(DECC .(DIGIT 9)) 3)) .(.(CONS .(DIGIT 9)) .(.(CONS .(.(DECC .(DIGIT 6)) 7)) .(.(CONS .(DIGIT 5)) .(.(CONS .(.(DECC .(DIGIT 6)) 8)) NIL)))))))))) = .(.(CONS .(.(DECC .(DIGIT 5)) 2)) NIL); .(C .(.(CONS .(DIGIT 3)) .(.(CONS .(.(DECC .(DIGIT 9)) 8)) .(.(CONS .(.(DECC .(DIGIT 9)) 4)) .(.(CONS .(.(DECC .(DIGIT 9)) 4)) .(.(CONS .(DIGIT 3)) NIL)))))) = .(.(CONS .(.(DECC .(DIGIT 9)) 4)) NIL); .(C .(.(CONS .(DIGIT 8)) .(.(CONS .(.(DECC .(DIGIT 6)) 3)) .(.(CONS .(.(DECC .(DIGIT 7)) 0)) .(.(CONS .(.(DECC .(DIGIT 2)) 5)) .(.(CONS .(DIGIT 0)) .(.(CONS .(DIGIT 2)) .(.(CONS .(.(DECC .(DIGIT 1)) 9)) .(.(CONS .(.(DECC .(DIGIT 3)) 4)) .(.(CONS .(.(DECC .(DIGIT 6)) 0)) NIL)))))))))) = .(.(CONS .(.(DECC .(DIGIT 6)) 0)) NIL);"
"c085",0,4,6,3003.779145604,2465227,true,-13.359173119482353,-1.6365355751928607,-14.995708694675214,".(C .(.(CONS .(DIGIT 1)) .(.(CONS .(DIGIT 4)) .(.(CONS .(DIGIT 4)) NIL)))) = .(.(CONS .(DIGIT 4)) NIL); .(C .(.(CONS .(DIGIT 2)) .(.(CONS .(.(DECC .(DIGIT 6)) 7)) .(.(CONS .(.(DECC .(DIGIT 5)) 2)) .(.(CONS .(.(DECC .(DIGIT 7)) 2)) .(.(CONS .(.(DECC .(DIGIT 9)) 3)) .(.(CONS .(DIGIT 9)) .(.(CONS .(.(DECC .(DIGIT 6)) 7)) .(.(CONS .(DIGIT 5)) .(.(CONS .(.(DECC .(DIGIT 6)) 8)) NIL)))))))))) = .(.(CONS .(.(DECC .(DIGIT 5)) 2)) NIL); .(C .(.(CONS .(DIGIT 3)) .(.(CONS .(.(DECC .(DIGIT 9)) 8)) .(.(CONS .(.(DECC .(DIGIT 9)) 4)) .(.(CONS .(.(DECC .(DIGIT 9)) 4)) .(.(CONS .(DIGIT 3)) NIL)))))) = .(.(CONS .(.(DECC .(DIGIT 9)) 4)) NIL); .(C .(.(CONS .(DIGIT 8)) .(.(CONS .(.(DECC .(DIGIT 6)) 3)) .(.(CONS .(.(DECC .(DIGIT 7)) 0)) .(.(CONS .(.(DECC .(DIGIT 2)) 5)) .(.(CONS .(DIGIT 0)) .(.(CONS .(DIGIT 2)) .(.(CONS .(.(DECC .(DIGIT 1)) 9)) .(.(CONS .(.(DECC .(DIGIT 3)) 4)) .(.(CONS .(.(DECC .(DIGIT 6)) 0)) NIL)))))))))) = .(.(CONS .(.(DECC .(DIGIT 6)) 0)) NIL); .(C v0_) = .(.(CONS .(.(DECC .(DIGIT 7)) 6)) NIL);"
"c085",0,4,7,3605.021130193,2631908,true,-13.661743804427886,-2.2797242392489365,-15.941468043676823,".(C .(.(CONS .(DIGIT 1)) .(.(CONS .(DIGIT 4)) .(.(CONS .(DIGIT 4)) NIL)))) = .(.(CONS .(DIGIT 4)) NIL); .(C .(.(CONS .(DIGIT 2)) .(.(CONS .(.(DECC .(DIGIT 6)) 7)) .(.(CONS .(.(DECC .(DIGIT 5)) 2)) .(.(CONS .(.(DECC .(DIGIT 7)) 2)) .(.(CONS .(.(DECC .(DIGIT 9)) 3)) .(.(CONS .(DIGIT 9)) .(.(CONS .(.(DECC .(DIGIT 6)) 7)) .(.(CONS .(DIGIT 5)) .(.(CONS .(.(DECC .(DIGIT 6)) 8)) NIL)))))))))) = .(.(CONS .(.(DECC .(DIGIT 5)) 2)) NIL); .(C .(.(CONS .(DIGIT 3)) .(.(CONS .(.(DECC .(DIGIT 9)) 8)) .(.(CONS .(.(DECC .(DIGIT 9)) 4)) .(.(CONS .(.(DECC .(DIGIT 9)) 4)) .(.(CONS .(DIGIT 3)) NIL)))))) = .(.(CONS .(.(DECC .(DIGIT 9)) 4)) NIL); .(C .(.(CONS .(DIGIT 8)) .(.(CONS .(.(DECC .(DIGIT 6)) 3)) .(.(CONS .(.(DECC .(DIGIT 7)) 0)) .(.(CONS .(.(DECC .(DIGIT 2)) 5)) .(.(CONS .(DIGIT 0)) .(.(CONS .(DIGIT 2)) .(.(CONS .(.(DECC .(DIGIT 1)) 9)) .(.(CONS .(.(DECC .(DIGIT 3)) 4)) .(.(CONS .(.(DECC .(DIGIT 6)) 0)) NIL)))))))))) = .(.(CONS .(.(DECC .(DIGIT 6)) 0)) NIL); .(C .(.(CONS .(DIGIT 1)) .(.(CONS .(.(DECC .(DIGIT 7)) 6)) .(.(CONS .(DIGIT 9)) .(.(CONS .(.(DECC .(DIGIT 7)) 6)) NIL))))) = .(.(CONS .(.(DECC .(DIGIT 7)) 6)) NIL); .(C v0_) = .(.(CONS .(.(DECC .(DIGIT 3)) 8)) NIL);"
"c085",0,4,8,4210.806973092,2747304,true,-13.786617134309292,-3.0282734189628386,-16.814890553272132,".(C .(.(CONS .(DIGIT 1)) .(.(CONS .(DIGIT 4)) .(.(CONS .(DIGIT 4)) NIL)))) = .(.(CONS .(DIGIT 4)) NIL); .(C .(.(CONS .(DIGIT 2)) .(.(CONS .(.(DECC .(DIGIT 6)) 7)) .(.(CONS .(.(DECC .(DIGIT 5)) 2)) .(.(CONS .(.(DECC .(DIGIT 7)) 2)) .(.(CONS .(.(DECC .(DIGIT 9)) 3)) .(.(CONS .(DIGIT 9)) .(.(CONS .(.(DECC .(DIGIT 6)) 7)) .(.(CONS .(DIGIT 5)) .(.(CONS .(.(DECC .(DIGIT 6)) 8)) NIL)))))))))) = .(.(CONS .(.(DECC .(DIGIT 5)) 2)) NIL); .(C .(.(CONS .(DIGIT 3)) .(.(CONS .(.(DECC .(DIGIT 9)) 8)) .(.(CONS .(.(DECC .(DIGIT 9)) 4)) .(.(CONS .(.(DECC .(DIGIT 9)) 4)) .(.(CONS .(DIGIT 3)) NIL)))))) = .(.(CONS .(.(DECC .(DIGIT 9)) 4)) NIL); .(C .(.(CONS .(DIGIT 8)) .(.(CONS .(.(DECC .(DIGIT 6)) 3)) .(.(CONS .(.(DECC .(DIGIT 7)) 0)) .(.(CONS .(.(DECC .(DIGIT 2)) 5)) .(.(CONS .(DIGIT 0)) .(.(CONS .(DIGIT 2)) .(.(CONS .(.(DECC .(DIGIT 1)) 9)) .(.(CONS .(.(DECC .(DIGIT 3)) 4)) .(.(CONS .(.(DECC .(DIGIT 6)) 0)) NIL)))))))))) = .(.(CONS .(.(DECC .(DIGIT 6)) 0)) NIL); .(C .(.(CONS .(DIGIT 1)) .(.(CONS .(.(DECC .(DIGIT 7)) 6)) .(.(CONS .(DIGIT 9)) .(.(CONS .(.(DECC .(DIGIT 7)) 6)) NIL))))) = .(.(CONS .(.(DECC .(DIGIT 7)) 6)) NIL); .(C .(.(CONS .(DIGIT 2)) .(.(CONS .(.(DECC .(DIGIT 5)) 3)) .(.(CONS .(.(DECC .(DIGIT 3)) 8)) .(.(CONS .(.(DECC .(DIGIT 4)) 9)) .(.(CONS .(.(DECC .(DIGIT 7)) 8)) .(.(CONS .(.(DECC .(DIGIT 6)) 9)) .(.(CONS .(DIGIT 6)) .(.(CONS .(DIGIT 1)) .(.(CONS .(DIGIT 3)) .(.(CONS .(.(DECC .(DIGIT 1)) 1)) NIL))))))))))) = .(.(CONS .(.(DECC .(DIGIT 3)) 8)) NIL); .(C .(.(CONS .(DIGIT 4)) v0_)) = .(.(CONS .(.(DECC .(DIGIT 4)) 6)) NIL);"
"c085",0,4,9,4811.854621603,2833946,true,-13.23546346515633,-3.882183114334567,-17.1176465794909,".(C .(.(CONS .(DIGIT 1)) .(.(CONS .(DIGIT 4)) .(.(CONS .(DIGIT 4)) NIL)))) = .(.(CONS .(DIGIT 4)) NIL); .(C .(.(CONS .(DIGIT 2)) .(.(CONS .(.(DECC .(DIGIT 6)) 7)) .(.(CONS .(.(DECC .(DIGIT 5)) 2)) .(.(CONS .(.(DECC .(DIGIT 7)) 2)) .(.(CONS .(.(DECC .(DIGIT 9)) 3)) .(.(CONS .(DIGIT 9)) .(.(CONS .(.(DECC .(DIGIT 6)) 7)) .(.(CONS .(DIGIT 5)) .(.(CONS .(.(DECC .(DIGIT 6)) 8)) NIL)))))))))) = .(.(CONS .(.(DECC .(DIGIT 5)) 2)) NIL); .(C .(.(CONS .(DIGIT 3)) .(.(CONS .(.(DECC .(DIGIT 9)) 8)) .(.(CONS .(.(DECC .(DIGIT 9)) 4)) .(.(CONS .(.(DECC .(DIGIT 9)) 4)) .(.(CONS .(DIGIT 3)) NIL)))))) = .(.(CONS .(.(DECC .(DIGIT 9)) 4)) NIL); .(C .(.(CONS .(DIGIT 8)) .(.(CONS .(.(DECC .(DIGIT 6)) 3)) .(.(CONS .(.(DECC .(DIGIT 7)) 0)) .(.(CONS .(.(DECC .(DIGIT 2)) 5)) .(.(CONS .(DIGIT 0)) .(.(CONS .(DIGIT 2)) .(.(CONS .(.(DECC .(DIGIT 1)) 9)) .(.(CONS .(.(DECC .(DIGIT 3)) 4)) .(.(CONS .(.(DECC .(DIGIT 6)) 0)) NIL)))))))))) = .(.(CONS .(.(DECC .(DIGIT 6)) 0)) NIL); .(C .(.(CONS .(DIGIT 1)) .(.(CONS .(.(DECC .(DIGIT 7)) 6)) .(.(CONS .(DIGIT 9)) .(.(CONS .(.(DECC .(DIGIT 7)) 6)) NIL))))) = .(.(CONS .(.(DECC .(DIGIT 7)) 6)) NIL); .(C .(.(CONS .(DIGIT 2)) .(.(CONS .(.(DECC .(DIGIT 5)) 3)) .(.(CONS .(.(DECC .(DIGIT 3)) 8)) .(.(CONS .(.(DECC .(DIGIT 4)) 9)) .(.(CONS .(.(DECC .(DIGIT 7)) 8)) .(.(CONS .(.(DECC .(DIGIT 6)) 9)) .(.(CONS .(DIGIT 6)) .(.(CONS .(DIGIT 1)) .(.(CONS .(DIGIT 3)) .(.(CONS .(.(DECC .(DIGIT 1)) 1)) NIL))))))))))) = .(.(CONS .(.(DECC .(DIGIT 3)) 8)) NIL); .(C .(.(CONS .(DIGIT 4)) .(.(CONS .(.(DECC .(DIGIT 3)) 9)) .(.(CONS .(DIGIT 4)) .(.(CONS .(.(DECC .(DIGIT 4)) 8)) .(.(CONS .(.(DECC .(DIGIT 4)) 6)) .(.(CONS .(.(DECC .(DIGIT 4)) 8)) NIL))))))) = .(.(CONS .(.(DECC .(DIGIT 4)) 6)) NIL); .(C .(.(CONS .(DIGIT 4)) .(.(CONS .(.(DECC .(DIGIT 2)) 8)) .(.(CONS .(DIGIT 5)) .(.(CONS .(.(DECC .(DIGIT 2)) 6)) .(.(CONS .(.(DECC .(DIGIT 2)) 9)) .(.(CONS .(DIGIT 6)) .(.(CONS .(.(DECC .(DIGIT 9)) 4)) .(.(CONS .(DIGIT 3)) NIL))))))))) = .(.(CONS .(.(DECC .(DIGIT 2)) 9)) NIL); C = TAIL;"
"c085",0,4,10,5405.423741379,2906033,true,-13.23546346515633,-4.841452814810413,-18.076916279966746,".(C .(.(CONS .(DIGIT 1)) .(.(CONS .(DIGIT 4)) .(.(CONS .(DIGIT 4)) NIL)))) = .(.(CONS .(DIGIT 4)) NIL); .(C .(.(CONS .(DIGIT 2)) .(.(CONS .(.(DECC .(DIGIT 6)) 7)) .(.(CONS .(.(DECC .(DIGIT 5)) 2)) .(.(CONS .(.(DECC .(DIGIT 7)) 2)) .(.(CONS .(.(DECC .(DIGIT 9)) 3)) .(.(CONS .(DIGIT 9)) .(.(CONS .(.(DECC .(DIGIT 6)) 7)) .(.(CONS .(DIGIT 5)) .(.(CONS .(.(DECC .(DIGIT 6)) 8)) NIL)))))))))) = .(.(CONS .(.(DECC .(DIGIT 5)) 2)) NIL); .(C .(.(CONS .(DIGIT 3)) .(.(CONS .(.(DECC .(DIGIT 9)) 8)) .(.(CONS .(.(DECC .(DIGIT 9)) 4)) .(.(CONS .(.(DECC .(DIGIT 9)) 4)) .(.(CONS .(DIGIT 3)) NIL)))))) = .(.(CONS .(.(DECC .(DIGIT 9)) 4)) NIL); .(C .(.(CONS .(DIGIT 8)) .(.(CONS .(.(DECC .(DIGIT 6)) 3)) .(.(CONS .(.(DECC .(DIGIT 7)) 0)) .(.(CONS .(.(DECC .(DIGIT 2)) 5)) .(.(CONS .(DIGIT 0)) .(.(CONS .(DIGIT 2)) .(.(CONS .(.(DECC .(DIGIT 1)) 9)) .(.(CONS .(.(DECC .(DIGIT 3)) 4)) .(.(CONS .(.(DECC .(DIGIT 6)) 0)) NIL)))))))))) = .(.(CONS .(.(DECC .(DIGIT 6)) 0)) NIL); .(C .(.(CONS .(DIGIT 1)) .(.(CONS .(.(DECC .(DIGIT 7)) 6)) .(.(CONS .(DIGIT 9)) .(.(CONS .(.(DECC .(DIGIT 7)) 6)) NIL))))) = .(.(CONS .(.(DECC .(DIGIT 7)) 6)) NIL); .(C .(.(CONS .(DIGIT 2)) .(.(CONS .(.(DECC .(DIGIT 5)) 3)) .(.(CONS .(.(DECC .(DIGIT 3)) 8)) .(.(CONS .(.(DECC .(DIGIT 4)) 9)) .(.(CONS .(.(DECC .(DIGIT 7)) 8)) .(.(CONS .(.(DECC .(DIGIT 6)) 9)) .(.(CONS .(DIGIT 6)) .(.(CONS .(DIGIT 1)) .(.(CONS .(DIGIT 3)) .(.(CONS .(.(DECC .(DIGIT 1)) 1)) NIL))))))))))) = .(.(CONS .(.(DECC .(DIGIT 3)) 8)) NIL); .(C .(.(CONS .(DIGIT 4)) .(.(CONS .(.(DECC .(DIGIT 3)) 9)) .(.(CONS .(DIGIT 4)) .(.(CONS .(.(DECC .(DIGIT 4)) 8)) .(.(CONS .(.(DECC .(DIGIT 4)) 6)) .(.(CONS .(.(DECC .(DIGIT 4)) 8)) NIL))))))) = .(.(CONS .(.(DECC .(DIGIT 4)) 6)) NIL); .(C .(.(CONS .(DIGIT 4)) .(.(CONS .(.(DECC .(DIGIT 2)) 8)) .(.(CONS .(DIGIT 5)) .(.(CONS .(.(DECC .(DIGIT 2)) 6)) .(.(CONS .(.(DECC .(DIGIT 2)) 9)) .(.(CONS .(DIGIT 6)) .(.(CONS .(.(DECC .(DIGIT 9)) 4)) .(.(CONS .(DIGIT 3)) NIL))))))))) = .(.(CONS .(.(DECC .(DIGIT 2)) 9)) NIL); .(C .(.(CONS .(DIGIT 1)) .(.(CONS .(DIGIT 8)) .(.(CONS .(.(DECC .(DIGIT 2)) 7)) .(.(CONS .(.(DECC .(DIGIT 2)) 7)) .(.(CONS .(DIGIT 8)) .(.(CONS .(DIGIT 1)) .(.(CONS .(DIGIT 8)) NIL)))))))) = .(.(CONS .(DIGIT 8)) NIL); C = TAIL;"
"c085",0,4,11,6001.913875171999,2965058,true,-13.23546346515633,-5.906083541497794,-19.141547006654125,".(C .(.(CONS .(DIGIT 1)) .(.(CONS .(DIGIT 4)) .(.(CONS .(DIGIT 4)) NIL)))) = .(.(CONS .(DIGIT 4)) NIL); .(C .(.(CONS .(DIGIT 2)) .(.(CONS .(.(DECC .(DIGIT 6)) 7)) .(.(CONS .(.(DECC .(DIGIT 5)) 2)) .(.(CONS .(.(DECC .(DIGIT 7)) 2)) .(.(CONS .(.(DECC .(DIGIT 9)) 3)) .(.(CONS .(DIGIT 9)) .(.(CONS .(.(DECC .(DIGIT 6)) 7)) .(.(CONS .(DIGIT 5)) .(.(CONS .(.(DECC .(DIGIT 6)) 8)) NIL)))))))))) = .(.(CONS .(.(DECC .(DIGIT 5)) 2)) NIL); .(C .(.(CONS .(DIGIT 3)) .(.(CONS .(.(DECC .(DIGIT 9)) 8)) .(.(CONS .(.(DECC .(DIGIT 9)) 4)) .(.(CONS .(.(DECC .(DIGIT 9)) 4)) .(.(CONS .(DIGIT 3)) NIL)))))) = .(.(CONS .(.(DECC .(DIGIT 9)) 4)) NIL); .(C .(.(CONS .(DIGIT 8)) .(.(CONS .(.(DECC .(DIGIT 6)) 3)) .(.(CONS .(.(DECC .(DIGIT 7)) 0)) .(.(CONS .(.(DECC .(DIGIT 2)) 5)) .(.(CONS .(DIGIT 0)) .(.(CONS .(DIGIT 2)) .(.(CONS .(.(DECC .(DIGIT 1)) 9)) .(.(CONS .(.(DECC .(DIGIT 3)) 4)) .(.(CONS .(.(DECC .(DIGIT 6)) 0)) NIL)))))))))) = .(.(CONS .(.(DECC .(DIGIT 6)) 0)) NIL); .(C .(.(CONS .(DIGIT 1)) .(.(CONS .(.(DECC .(DIGIT 7)) 6)) .(.(CONS .(DIGIT 9)) .(.(CONS .(.(DECC .(DIGIT 7)) 6)) NIL))))) = .(.(CONS .(.(DECC .(DIGIT 7)) 6)) NIL); .(C .(.(CONS .(DIGIT 2)) .(.(CONS .(.(DECC .(DIGIT 5)) 3)) .(.(CONS .(.(DECC .(DIGIT 3)) 8)) .(.(CONS .(.(DECC .(DIGIT 4)) 9)) .(.(CONS .(.(DECC .(DIGIT 7)) 8)) .(.(CONS .(.(DECC .(DIGIT 6)) 9)) .(.(CONS .(DIGIT 6)) .(.(CONS .(DIGIT 1)) .(.(CONS .(DIGIT 3)) .(.(CONS .(.(DECC .(DIGIT 1)) 1)) NIL))))))))))) = .(.(CONS .(.(DECC .(DIGIT 3)) 8)) NIL); .(C .(.(CONS .(DIGIT 4)) .(.(CONS .(.(DECC .(DIGIT 3)) 9)) .(.(CONS .(DIGIT 4)) .(.(CONS .(.(DECC .(DIGIT 4)) 8)) .(.(CONS .(.(DECC .(DIGIT 4)) 6)) .(.(CONS .(.(DECC .(DIGIT 4)) 8)) NIL))))))) = .(.(CONS .(.(DECC .(DIGIT 4)) 6)) NIL); .(C .(.(CONS .(DIGIT 4)) .(.(CONS .(.(DECC .(DIGIT 2)) 8)) .(.(CONS .(DIGIT 5)) .(.(CONS .(.(DECC .(DIGIT 2)) 6)) .(.(CONS .(.(DECC .(DIGIT 2)) 9)) .(.(CONS .(DIGIT 6)) .(.(CONS .(.(DECC .(DIGIT 9)) 4)) .(.(CONS .(DIGIT 3)) NIL))))))))) = .(.(CONS .(.(DECC .(DIGIT 2)) 9)) NIL); .(C .(.(CONS .(DIGIT 1)) .(.(CONS .(DIGIT 8)) .(.(CONS .(.(DECC .(DIGIT 2)) 7)) .(.(CONS .(.(DECC .(DIGIT 2)) 7)) .(.(CONS .(DIGIT 8)) .(.(CONS .(DIGIT 1)) .(.(CONS .(DIGIT 8)) NIL)))))))) = .(.(CONS .(DIGIT 8)) NIL); .(C .(.(CONS .(DIGIT 5)) .(.(CONS .(DIGIT 4)) .(.(CONS .(DIGIT 3)) .(.(CONS .(.(DECC .(DIGIT 8)) 0)) .(.(CONS .(.(DECC .(DIGIT 3)) 6)) .(.(CONS .(.(DECC .(DIGIT 6)) 6)) .(.(CONS .(.(DECC .(DIGIT 7)) 5)) NIL)))))))) = .(.(CONS .(.(DECC .(DIGIT 6)) 6)) NIL); C = TAIL;"
"c085",1,4,1,0.005477983,15,true,-9.112948025967533,-0.0010005003335835344,-9.113948526301117,"C = TAIL;"
"c085",1,4,2,602.104364613,883946,true,-10.242812858139748,-0.1173860755468192,-10.360198933686567,".(C v0_) = .(.(CONS .(DIGIT 4)) NIL);"
"c085",1,4,3,1202.31518016,1522492,true,-7.4547199493640015,-0.3391326769715902,-7.793852626335592,".(C .(.(CONS .(DIGIT v0_)) .(.(CONS .(v1_ v2_)) .(.(CONS .(v3_ v4_)) v5_)))) = .(.(CONS .(v3_ v4_)) NIL);"
"c085",1,4,4,1801.519116581,1926969,true,-7.336936913707618,-0.6662397940541875,-8.003176707761805,".(C .(.(CONS .(DIGIT v0_)) .(.(CONS .(v1_ v2_)) .(.(CONS .(v3_ v4_)) v5_)))) = .(.(CONS .(v3_ v4_)) NIL);"
"c085",1,4,5,2407.271644499,2195041,true,-13.208350229747769,-1.098707426794611,-14.30705765654238,".(C .(.(CONS .(DIGIT 1)) v0_)) = .(.(CONS .(DIGIT 4)) NIL); .(C .(.(CONS .(DIGIT 2)) .(.(CONS .(.(DECC .(DIGIT 6)) 7)) .(.(CONS .(.(DECC .(DIGIT 5)) 2)) .(.(CONS .(.(DECC .(DIGIT 7)) 2)) .(.(CONS .(.(DECC .(DIGIT 9)) 3)) .(.(CONS .(DIGIT 9)) .(.(CONS .(.(DECC .(DIGIT 6)) 7)) .(.(CONS .(DIGIT 5)) .(.(CONS .(.(DECC .(DIGIT 6)) 8)) NIL)))))))))) = .(.(CONS .(.(DECC .(DIGIT 5)) 2)) NIL); .(C .(.(CONS .(DIGIT 3)) .(.(CONS .(.(DECC .(DIGIT 9)) 8)) .(.(CONS .(.(DECC .(DIGIT 9)) 4)) .(.(CONS .(.(DECC .(DIGIT 9)) 4)) .(.(CONS .(DIGIT 3)) NIL)))))) = .(.(CONS .(.(DECC .(DIGIT 9)) 4)) NIL); .(C .(.(CONS .(DIGIT 8)) .(.(CONS .(.(DECC .(DIGIT 6)) 3)) .(.(CONS .(.(DECC .(DIGIT 7)) 0)) .(.(CONS .(.(DECC .(DIGIT 2)) 5)) .(.(CONS .(DIGIT 0)) .(.(CONS .(DIGIT 2)) .(.(CONS .(.(DECC .(DIGIT 1)) 9)) .(.(CONS .(.(DECC .(DIGIT 3)) 4)) .(.(CONS .(.(DECC .(DIGIT 6)) 0)) NIL)))))))))) = .(.(CONS .(.(DECC .(DIGIT 6)) 0)) NIL);"
"c085",1,4,6,3003.609666874,2375684,true,-13.23546346515633,-1.6365355751928607,-14.871999040349191,".(C .(.(CONS .(DIGIT 1)) .(.(CONS .(DIGIT 4)) .(.(CONS .(DIGIT 4)) NIL)))) = .(.(CONS .(DIGIT 4)) NIL); .(C .(.(CONS .(DIGIT 2)) .(.(CONS .(.(DECC .(DIGIT 6)) 7)) .(.(CONS .(.(DECC .(DIGIT 5)) 2)) .(.(CONS .(.(DECC .(DIGIT 7)) 2)) .(.(CONS .(.(DECC .(DIGIT 9)) 3)) .(.(CONS .(DIGIT 9)) .(.(CONS .(.(DECC .(DIGIT 6)) 7)) .(.(CONS .(DIGIT 5)) .(.(CONS .(.(DECC .(DIGIT 6)) 8)) NIL)))))))))) = .(.(CONS .(.(DECC .(DIGIT 5)) 2)) NIL); .(C .(.(CONS .(DIGIT 3)) .(.(CONS .(.(DECC .(DIGIT 9)) 8)) .(.(CONS .(.(DECC .(DIGIT 9)) 4)) .(.(CONS .(.(DECC .(DIGIT 9)) 4)) .(.(CONS .(DIGIT 3)) NIL)))))) = .(.(CONS .(.(DECC .(DIGIT 9)) 4)) NIL); .(C .(.(CONS .(DIGIT 8)) .(.(CONS .(.(DECC .(DIGIT 6)) 3)) .(.(CONS .(.(DECC .(DIGIT 7)) 0)) .(.(CONS .(.(DECC .(DIGIT 2)) 5)) .(.(CONS .(DIGIT 0)) .(.(CONS .(DIGIT 2)) .(.(CONS .(.(DECC .(DIGIT 1)) 9)) .(.(CONS .(.(DECC .(DIGIT 3)) 4)) .(.(CONS .(.(DECC .(DIGIT 6)) 0)) NIL)))))))))) = .(.(CONS .(.(DECC .(DIGIT 6)) 0)) NIL); .(C .(.(CONS .(DIGIT 1)) .(.(CONS .(.(DECC .(DIGIT 7)) 6)) .(.(CONS .(DIGIT 9)) .(.(CONS .(.(DECC .(DIGIT 7)) 6)) NIL))))) = .(.(CONS .(.(DECC .(DIGIT 7)) 6)) NIL); C = TAIL;"
"c085",1,4,7,3601.9599162360005,2525067,true,-13.661743804427886,-2.2797242392489365,-15.941468043676823,".(C .(.(CONS .(DIGIT 1)) .(.(CONS .(DIGIT 4)) .(.(CONS .(DIGIT 4)) NIL)))) = .(.(CONS .(DIGIT 4)) NIL); .(C .(.(CONS .(DIGIT 2)) .(.(CONS .(.(DECC .(DIGIT 6)) 7)) .(.(CONS .(.(DECC .(DIGIT 5)) 2)) .(.(CONS .(.(DECC .(DIGIT 7)) 2)) .(.(CONS .(.(DECC .(DIGIT 9)) 3)) .(.(CONS .(DIGIT 9)) .(.(CONS .(.(DECC .(DIGIT 6)) 7)) .(.(CONS .(DIGIT 5)) .(.(CONS .(.(DECC .(DIGIT 6)) 8)) NIL)))))))))) = .(.(CONS .(.(DECC .(DIGIT 5)) 2)) NIL); .(C .(.(CONS .(DIGIT 3)) .(.(CONS .(.(DECC .(DIGIT 9)) 8)) .(.(CONS .(.(DECC .(DIGIT 9)) 4)) .(.(CONS .(.(DECC .(DIGIT 9)) 4)) .(.(CONS .(DIGIT 3)) NIL)))))) = .(.(CONS .(.(DECC .(DIGIT 9)) 4)) NIL); .(C .(.(CONS .(DIGIT 8)) .(.(CONS .(.(DECC .(DIGIT 6)) 3)) .(.(CONS .(.(DECC .(DIGIT 7)) 0)) .(.(CONS .(.(DECC .(DIGIT 2)) 5)) .(.(CONS .(DIGIT 0)) .(.(CONS .(DIGIT 2)) .(.(CONS .(.(DECC .(DIGIT 1)) 9)) .(.(CONS .(.(DECC .(DIGIT 3)) 4)) .(.(CONS .(.(DECC .(DIGIT 6)) 0)) NIL)))))))))) = .(.(CONS .(.(DECC .(DIGIT 6)) 0)) NIL); .(C .(.(CONS .(DIGIT 1)) .(.(CONS .(.(DECC .(DIGIT 7)) 6)) .(.(CONS .(DIGIT 9)) .(.(CONS .(.(DECC .(DIGIT 7)) 6)) NIL))))) = .(.(CONS .(.(DECC .(DIGIT 7)) 6)) NIL); .(C v0_) = .(.(CONS .(.(DECC .(DIGIT 3)) 8)) NIL);"
"c085",1,4,8,4202.871780492,2637921,true,-13.23546346515633,-3.0282734189628386,-16.26373688411917,".(C .(.(CONS .(DIGIT 1)) .(.(CONS .(DIGIT 4)) .(.(CONS .(DIGIT 4)) NIL)))) = .(.(CONS .(DIGIT 4)) NIL); .(C .(.(CONS .(DIGIT 2)) .(.(CONS .(.(DECC .(DIGIT 6)) 7)) .(.(CONS .(.(DECC .(DIGIT 5)) 2)) .(.(CONS .(.(DECC .(DIGIT 7)) 2)) .(.(CONS .(.(DECC .(DIGIT 9)) 3)) .(.(CONS .(DIGIT 9)) .(.(CONS .(.(DECC .(DIGIT 6)) 7)) .(.(CONS .(DIGIT 5)) .(.(CONS .(.(DECC .(DIGIT 6)) 8)) NIL)))))))))) = .(.(CONS .(.(DECC .(DIGIT 5)) 2)) NIL); .(C .(.(CONS .(DIGIT 3)) .(.(CONS .(.(DECC .(DIGIT 9)) 8)) .(.(CONS .(.(DECC .(DIGIT 9)) 4)) .(.(CONS .(.(DECC .(DIGIT 9)) 4)) .(.(CONS .(DIGIT 3)) NIL)))))) = .(.(CONS .(.(DECC .(DIGIT 9)) 4)) NIL); .(C .(.(CONS .(DIGIT 8)) .(.(CONS .(.(DECC .(DIGIT 6)) 3)) .(.(CONS .(.(DECC .(DIGIT 7)) 0)) .(.(CONS .(.(DECC .(DIGIT 2)) 5)) .(.(CONS .(DIGIT 0)) .(.(CONS .(DIGIT 2)) .(.(CONS .(.(DECC .(DIGIT 1)) 9)) .(.(CONS .(.(DECC .(DIGIT 3)) 4)) .(.(CONS .(.(DECC .(DIGIT 6)) 0)) NIL)))))))))) = .(.(CONS .(.(DECC .(DIGIT 6)) 0)) NIL); .(C .(.(CONS .(DIGIT 1)) .(.(CONS .(.(DECC .(DIGIT 7)) 6)) .(.(CONS .(DIGIT 9)) .(.(CONS .(.(DECC .(DIGIT 7)) 6)) NIL))))) = .(.(CONS .(.(DECC .(DIGIT 7)) 6)) NIL); .(C .(.(CONS .(DIGIT 2)) .(.(CONS .(.(DECC .(DIGIT 5)) 3)) .(.(CONS .(.(DECC .(DIGIT 3)) 8)) .(.(CONS .(.(DECC .(DIGIT 4)) 9)) .(.(CONS .(.(DECC .(DIGIT 7)) 8)) .(.(CONS .(.(DECC .(DIGIT 6)) 9)) .(.(CONS .(DIGIT 6)) .(.(CONS .(DIGIT 1)) .(.(CONS .(DIGIT 3)) .(.(CONS .(.(DECC .(DIGIT 1)) 1)) NIL))))))))))) = .(.(CONS .(.(DECC .(DIGIT 3)) 8)) NIL); .(C .(.(CONS .(DIGIT 4)) .(.(CONS .(.(DECC .(DIGIT 3)) 9)) .(.(CONS .(DIGIT 4)) .(.(CONS .(.(DECC .(DIGIT 4)) 8)) .(.(CONS .(.(DECC .(DIGIT 4)) 6)) .(.(CONS .(.(DECC .(DIGIT 4)) 8)) NIL))))))) = .(.(CONS .(.(DECC .(DIGIT 4)) 6)) NIL); C = TAIL;"
"c085",1,4,9,4803.913363535999,2722414,true,-13.23546346515633,-3.882183114334567,-17.1176465794909,".(C .(.(CONS .(DIGIT 1)) .(.(CONS .(DIGIT 4)) .(.(CONS .(DIGIT 4)) NIL)))) = .(.(CONS .(DIGIT 4)) NIL); .(C .(.(CONS .(DIGIT 2)) .(.(CONS .(.(DECC .(DIGIT 6)) 7)) .(.(CONS .(.(DECC .(DIGIT 5)) 2)) .(.(CONS .(.(DECC .(DIGIT 7)) 2)) .(.(CONS .(.(DECC .(DIGIT 9)) 3)) .(.(CONS .(DIGIT 9)) .(.(CONS .(.(DECC .(DIGIT 6)) 7)) .(.(CONS .(DIGIT 5)) .(.(CONS .(.(DECC .(DIGIT 6)) 8)) NIL)))))))))) = .(.(CONS .(.(DECC .(DIGIT 5)) 2)) NIL); .(C .(.(CONS .(DIGIT 3)) .(.(CONS .(.(DECC .(DIGIT 9)) 8)) .(.(CONS .(.(DECC .(DIGIT 9)) 4)) .(.(CONS .(.(DECC .(DIGIT 9)) 4)) .(.(CONS .(DIGIT 3)) NIL)))))) = .(.(CONS .(.(DECC .(DIGIT 9)) 4)) NIL); .(C .(.(CONS .(DIGIT 8)) .(.(CONS .(.(DECC .(DIGIT 6)) 3)) .(.(CONS .(.(DECC .(DIGIT 7)) 0)) .(.(CONS .(.(DECC .(DIGIT 2)) 5)) .(.(CONS .(DIGIT 0)) .(.(CONS .(DIGIT 2)) .(.(CONS .(.(DECC .(DIGIT 1)) 9)) .(.(CONS .(.(DECC .(DIGIT 3)) 4)) .(.(CONS .(.(DECC .(DIGIT 6)) 0)) NIL)))))))))) = .(.(CONS .(.(DECC .(DIGIT 6)) 0)) NIL); .(C .(.(CONS .(DIGIT 1)) .(.(CONS .(.(DECC .(DIGIT 7)) 6)) .(.(CONS .(DIGIT 9)) .(.(CONS .(.(DECC .(DIGIT 7)) 6)) NIL))))) = .(.(CONS .(.(DECC .(DIGIT 7)) 6)) NIL); .(C .(.(CONS .(DIGIT 2)) .(.(CONS .(.(DECC .(DIGIT 5)) 3)) .(.(CONS .(.(DECC .(DIGIT 3)) 8)) .(.(CONS .(.(DECC .(DIGIT 4)) 9)) .(.(CONS .(.(DECC .(DIGIT 7)) 8)) .(.(CONS .(.(DECC .(DIGIT 6)) 9)) .(.(CONS .(DIGIT 6)) .(.(CONS .(DIGIT 1)) .(.(CONS .(DIGIT 3)) .(.(CONS .(.(DECC .(DIGIT 1)) 1)) NIL))))))))))) = .(.(CONS .(.(DECC .(DIGIT 3)) 8)) NIL); .(C .(.(CONS .(DIGIT 4)) .(.(CONS .(.(DECC .(DIGIT 3)) 9)) .(.(CONS .(DIGIT 4)) .(.(CONS .(.(DECC .(DIGIT 4)) 8)) .(.(CONS .(.(DECC .(DIGIT 4)) 6)) .(.(CONS .(.(DECC .(DIGIT 4)) 8)) NIL))))))) = .(.(CONS .(.(DECC .(DIGIT 4)) 6)) NIL); .(C .(.(CONS .(DIGIT 4)) .(.(CONS .(.(DECC .(DIGIT 2)) 8)) .(.(CONS .(DIGIT 5)) .(.(CONS .(.(DECC .(DIGIT 2)) 6)) .(.(CONS .(.(DECC .(DIGIT 2)) 9)) .(.(CONS .(DIGIT 6)) .(.(CONS .(.(DECC .(DIGIT 9)) 4)) .(.(CONS .(DIGIT 3)) NIL))))))))) = .(.(CONS .(.(DECC .(DIGIT 2)) 9)) NIL); C = TAIL;"
"c085",1,4,10,5421.957101638,2795787,true,-14.032117592724779,-4.841452814810413,-18.87357040753519,".(C .(.(CONS .(DIGIT 1)) .(.(CONS .(DIGIT 4)) .(.(CONS .(DIGIT 4)) NIL)))) = .(.(CONS .(DIGIT 4)) NIL); .(C .(.(CONS .(DIGIT 2)) .(.(CONS .(.(DECC .(DIGIT 6)) 7)) .(.(CONS .(.(DECC .(DIGIT 5)) 2)) .(.(CONS .(.(DECC .(DIGIT 7)) 2)) .(.(CONS .(.(DECC .(DIGIT 9)) 3)) .(.(CONS .(DIGIT 9)) .(.(CONS .(.(DECC .(DIGIT 6)) 7)) .(.(CONS .(DIGIT 5)) .(.(CONS .(.(DECC .(DIGIT 6)) 8)) NIL)))))))))) = .(.(CONS .(.(DECC .(DIGIT 5)) 2)) NIL); .(C .(.(CONS .(DIGIT 3)) .(.(CONS .(.(DECC .(DIGIT 9)) 8)) .(.(CONS .(.(DECC .(DIGIT 9)) 4)) .(.(CONS .(.(DECC .(DIGIT 9)) 4)) .(.(CONS .(DIGIT 3)) NIL)))))) = .(.(CONS .(.(DECC .(DIGIT 9)) 4)) NIL); .(C .(.(CONS .(DIGIT 8)) .(.(CONS .(.(DECC .(DIGIT 6)) 3)) .(.(CONS .(.(DECC .(DIGIT 7)) 0)) .(.(CONS .(.(DECC .(DIGIT 2)) 5)) .(.(CONS .(DIGIT 0)) .(.(CONS .(DIGIT 2)) .(.(CONS .(.(DECC .(DIGIT 1)) 9)) .(.(CONS .(.(DECC .(DIGIT 3)) 4)) .(.(CONS .(.(DECC .(DIGIT 6)) 0)) NIL)))))))))) = .(.(CONS .(.(DECC .(DIGIT 6)) 0)) NIL); .(C .(.(CONS .(DIGIT 1)) .(.(CONS .(.(DECC .(DIGIT 7)) 6)) .(.(CONS .(DIGIT 9)) .(.(CONS .(.(DECC .(DIGIT 7)) 6)) NIL))))) = .(.(CONS .(.(DECC .(DIGIT 7)) 6)) NIL); .(C .(.(CONS .(DIGIT 2)) .(.(CONS .(.(DECC .(DIGIT 5)) 3)) .(.(CONS .(.(DECC .(DIGIT 3)) 8)) .(.(CONS .(.(DECC .(DIGIT 4)) 9)) .(.(CONS .(.(DECC .(DIGIT 7)) 8)) .(.(CONS .(.(DECC .(DIGIT 6)) 9)) .(.(CONS .(DIGIT 6)) .(.(CONS .(DIGIT 1)) .(.(CONS .(DIGIT 3)) .(.(CONS .(.(DECC .(DIGIT 1)) 1)) NIL))))))))))) = .(.(CONS .(.(DECC .(DIGIT 3)) 8)) NIL); .(C .(.(CONS .(DIGIT 4)) .(.(CONS .(.(DECC .(DIGIT 3)) 9)) .(.(CONS .(DIGIT 4)) .(.(CONS .(.(DECC .(DIGIT 4)) 8)) .(.(CONS .(.(DECC .(DIGIT 4)) 6)) .(.(CONS .(.(DECC .(DIGIT 4)) 8)) NIL))))))) = .(.(CONS .(.(DECC .(DIGIT 4)) 6)) NIL); .(C .(.(CONS .(DIGIT 4)) .(.(CONS .(.(DECC .(DIGIT 2)) 8)) .(.(CONS .(DIGIT 5)) .(.(CONS .(.(DECC .(DIGIT 2)) 6)) .(.(CONS .(.(DECC .(DIGIT 2)) 9)) .(.(CONS .(DIGIT 6)) .(.(CONS .(.(DECC .(DIGIT 9)) 4)) .(.(CONS .(DIGIT 3)) NIL))))))))) = .(.(CONS .(.(DECC .(DIGIT 2)) 9)) NIL); .(C v0_) = .(.(CONS .(DIGIT 8)) NIL);"
"c085",1,4,11,6005.4103768840005,2849846,true,-14.1596788183628,-5.906083541497794,-20.065762359860592,".(C .(.(CONS .(DIGIT 1)) .(.(CONS .(DIGIT 4)) .(.(CONS .(DIGIT 4)) NIL)))) = .(.(CONS .(DIGIT 4)) NIL); .(C .(.(CONS .(DIGIT 2)) .(.(CONS .(.(DECC .(DIGIT 6)) 7)) .(.(CONS .(.(DECC .(DIGIT 5)) 2)) .(.(CONS .(.(DECC .(DIGIT 7)) 2)) .(.(CONS .(.(DECC .(DIGIT 9)) 3)) .(.(CONS .(DIGIT 9)) .(.(CONS .(.(DECC .(DIGIT 6)) 7)) .(.(CONS .(DIGIT 5)) .(.(CONS .(.(DECC .(DIGIT 6)) 8)) NIL)))))))))) = .(.(CONS .(.(DECC .(DIGIT 5)) 2)) NIL); .(C .(.(CONS .(DIGIT 3)) .(.(CONS .(.(DECC .(DIGIT 9)) 8)) .(.(CONS .(.(DECC .(DIGIT 9)) 4)) .(.(CONS .(.(DECC .(DIGIT 9)) 4)) .(.(CONS .(DIGIT 3)) NIL)))))) = .(.(CONS .(.(DECC .(DIGIT 9)) 4)) NIL); .(C .(.(CONS .(DIGIT 8)) .(.(CONS .(.(DECC .(DIGIT 6)) 3)) .(.(CONS .(.(DECC .(DIGIT 7)) 0)) .(.(CONS .(.(DECC .(DIGIT 2)) 5)) .(.(CONS .(DIGIT 0)) .(.(CONS .(DIGIT 2)) .(.(CONS .(.(DECC .(DIGIT 1)) 9)) .(.(CONS .(.(DECC .(DIGIT 3)) 4)) .(.(CONS .(.(DECC .(DIGIT 6)) 0)) NIL)))))))))) = .(.(CONS .(.(DECC .(DIGIT 6)) 0)) NIL); .(C .(.(CONS .(DIGIT 1)) .(.(CONS .(.(DECC .(DIGIT 7)) 6)) .(.(CONS .(DIGIT 9)) .(.(CONS .(.(DECC .(DIGIT 7)) 6)) NIL))))) = .(.(CONS .(.(DECC .(DIGIT 7)) 6)) NIL); .(C .(.(CONS .(DIGIT 2)) .(.(CONS .(.(DECC .(DIGIT 5)) 3)) .(.(CONS .(.(DECC .(DIGIT 3)) 8)) .(.(CONS .(.(DECC .(DIGIT 4)) 9)) .(.(CONS .(.(DECC .(DIGIT 7)) 8)) .(.(CONS .(.(DECC .(DIGIT 6)) 9)) .(.(CONS .(DIGIT 6)) .(.(CONS .(DIGIT 1)) .(.(CONS .(DIGIT 3)) .(.(CONS .(.(DECC .(DIGIT 1)) 1)) NIL))))))))))) = .(.(CONS .(.(DECC .(DIGIT 3)) 8)) NIL); .(C .(.(CONS .(DIGIT 4)) .(.(CONS .(.(DECC .(DIGIT 3)) 9)) .(.(CONS .(DIGIT 4)) .(.(CONS .(.(DECC .(DIGIT 4)) 8)) .(.(CONS .(.(DECC .(DIGIT 4)) 6)) .(.(CONS .(.(DECC .(DIGIT 4)) 8)) NIL))))))) = .(.(CONS .(.(DECC .(DIGIT 4)) 6)) NIL); .(C .(.(CONS .(DIGIT 4)) .(.(CONS .(.(DECC .(DIGIT 2)) 8)) .(.(CONS .(DIGIT 5)) .(.(CONS .(.(DECC .(DIGIT 2)) 6)) .(.(CONS .(.(DECC .(DIGIT 2)) 9)) .(.(CONS .(DIGIT 6)) .(.(CONS .(.(DECC .(DIGIT 9)) 4)) .(.(CONS .(DIGIT 3)) NIL))))))))) = .(.(CONS .(.(DECC .(DIGIT 2)) 9)) NIL); .(C .(.(CONS .(DIGIT 1)) .(.(CONS .(DIGIT 8)) .(.(CONS .(.(DECC .(DIGIT 2)) 7)) .(.(CONS .(.(DECC .(DIGIT 2)) 7)) .(.(CONS .(DIGIT 8)) .(.(CONS .(DIGIT 1)) .(.(CONS .(DIGIT 8)) NIL)))))))) = .(.(CONS .(DIGIT 8)) NIL); .(C v0_) = .(.(CONS .(.(DECC .(DIGIT 6)) 6)) NIL);"
"c085",2,4,1,0.025822856,51,true,-14.236912005370792,-0.0010005003335835344,-14.237912505704376,".(C v0_) = NIL;"
"c085",2,4,2,601.835043369,792984,true,-10.242812858139748,-0.1173860755468192,-10.360198933686567,".(C v0_) = .(.(CONS .(DIGIT 4)) NIL);"
"c085",2,4,3,1202.2076424989998,1386059,true,-7.4547199493640015,-0.3391326769715902,-7.793852626335592,".(C .(.(CONS .(DIGIT v0_)) .(.(CONS .(v1_ v2_)) .(.(CONS .(v3_ v4_)) v5_)))) = .(.(CONS .(v3_ v4_)) NIL);"
"c085",2,4,4,1801.474923481,1774986,true,-7.336936913707618,-0.6662397940541875,-8.003176707761805,".(C .(.(CONS .(DIGIT v0_)) .(.(CONS .(v1_ v2_)) .(.(CONS .(v3_ v4_)) v5_)))) = .(.(CONS .(v3_ v4_)) NIL);"
"c085",2,4,5,2406.042763169,2041319,true,-13.208350229747769,-1.098707426794611,-14.30705765654238,".(C .(.(CONS .(DIGIT 1)) .(.(CONS .(DIGIT 4)) .(.(CONS .(DIGIT 4)) NIL)))) = .(.(CONS .(DIGIT 4)) NIL); .(C .(.(CONS .(DIGIT 2)) .(.(CONS .(.(DECC .(DIGIT 6)) 7)) .(.(CONS .(.(DECC .(DIGIT 5)) 2)) .(.(CONS .(.(DECC .(DIGIT 7)) 2)) .(.(CONS .(.(DECC .(DIGIT 9)) 3)) .(.(CONS .(DIGIT 9)) .(.(CONS .(.(DECC .(DIGIT 6)) 7)) .(.(CONS .(DIGIT 5)) .(.(CONS .(.(DECC .(DIGIT 6)) 8)) NIL)))))))))) = .(.(CONS .(.(DECC .(DIGIT 5)) 2)) NIL); .(C .(.(CONS .(DIGIT 3)) .(.(CONS .(.(DECC .(DIGIT 9)) 8)) .(.(CONS .(.(DECC .(DIGIT 9)) 4)) .(.(CONS .(.(DECC .(DIGIT 9)) 4)) .(.(CONS .(DIGIT 3)) NIL)))))) = .(.(CONS .(.(DECC .(DIGIT 9)) 4)) NIL); .(C v0_) = .(.(CONS .(.(DECC .(DIGIT 6)) 0)) NIL);"
"c085",2,4,6,3002.5919864119996,2217329,true,-13.23546346515633,-1.6365355751928607,-14.871999040349191,".(C .(.(CONS .(DIGIT 1)) .(.(CONS .(DIGIT 4)) .(.(CONS .(DIGIT 4)) NIL)))) = .(.(CONS .(DIGIT 4)) NIL); .(C .(.(CONS .(DIGIT 2)) .(.(CONS .(.(DECC .(DIGIT 6)) 7)) .(.(CONS .(.(DECC .(DIGIT 5)) 2)) .(.(CONS .(.(DECC .(DIGIT 7)) 2)) .(.(CONS .(.(DECC .(DIGIT 9)) 3)) .(.(CONS .(DIGIT 9)) .(.(CONS .(.(DECC .(DIGIT 6)) 7)) .(.(CONS .(DIGIT 5)) .(.(CONS .(.(DECC .(DIGIT 6)) 8)) NIL)))))))))) = .(.(CONS .(.(DECC .(DIGIT 5)) 2)) NIL); .(C .(.(CONS .(DIGIT 3)) .(.(CONS .(.(DECC .(DIGIT 9)) 8)) .(.(CONS .(.(DECC .(DIGIT 9)) 4)) .(.(CONS .(.(DECC .(DIGIT 9)) 4)) .(.(CONS .(DIGIT 3)) NIL)))))) = .(.(CONS .(.(DECC .(DIGIT 9)) 4)) NIL); .(C .(.(CONS .(DIGIT 8)) .(.(CONS .(.(DECC .(DIGIT 6)) 3)) .(.(CONS .(.(DECC .(DIGIT 7)) 0)) .(.(CONS .(.(DECC .(DIGIT 2)) 5)) .(.(CONS .(DIGIT 0)) .(.(CONS .(DIGIT 2)) .(.(CONS .(.(DECC .(DIGIT 1)) 9)) .(.(CONS .(.(DECC .(DIGIT 3)) 4)) .(.(CONS .(.(DECC .(DIGIT 6)) 0)) NIL)))))))))) = .(.(CONS .(.(DECC .(DIGIT 6)) 0)) NIL); .(C .(.(CONS .(DIGIT 1)) .(.(CONS .(.(DECC .(DIGIT 7)) 6)) .(.(CONS .(DIGIT 9)) .(.(CONS .(.(DECC .(DIGIT 7)) 6)) NIL))))) = .(.(CONS .(.(DECC .(DIGIT 7)) 6)) NIL); C = TAIL;"
"c085",2,4,7,3601.4774109699997,2365841,true,-13.23546346515633,-2.2797242392489365,-15.515187704405268,".(C .(.(CONS .(DIGIT 1)) .(.(CONS .(DIGIT 4)) .(.(CONS .(DIGIT 4)) NIL)))) = .(.(CONS .(DIGIT 4)) NIL); .(C .(.(CONS .(DIGIT 2)) .(.(CONS .(.(DECC .(DIGIT 6)) 7)) .(.(CONS .(.(DECC .(DIGIT 5)) 2)) .(.(CONS .(.(DECC .(DIGIT 7)) 2)) .(.(CONS .(.(DECC .(DIGIT 9)) 3)) .(.(CONS .(DIGIT 9)) .(.(CONS .(.(DECC .(DIGIT 6)) 7)) .(.(CONS .(DIGIT 5)) .(.(CONS .(.(DECC .(DIGIT 6)) 8)) NIL)))))))))) = .(.(CONS .(.(DECC .(DIGIT 5)) 2)) NIL); .(C .(.(CONS .(DIGIT 3)) .(.(CONS .(.(DECC .(DIGIT 9)) 8)) .(.(CONS .(.(DECC .(DIGIT 9)) 4)) .(.(CONS .(.(DECC .(DIGIT 9)) 4)) .(.(CONS .(DIGIT 3)) NIL)))))) = .(.(CONS .(.(DECC .(DIGIT 9)) 4)) NIL); .(C .(.(CONS .(DIGIT 8)) .(.(CONS .(.(DECC .(DIGIT 6)) 3)) .(.(CONS .(.(DECC .(DIGIT 7)) 0)) .(.(CONS .(.(DECC .(DIGIT 2)) 5)) .(.(CONS .(DIGIT 0)) .(.(CONS .(DIGIT 2)) .(.(CONS .(.(DECC .(DIGIT 1)) 9)) .(.(CONS .(.(DECC .(DIGIT 3)) 4)) .(.(CONS .(.(DECC .(DIGIT 6)) 0)) NIL)))))))))) = .(.(CONS .(.(DECC .(DIGIT 6)) 0)) NIL); .(C .(.(CONS .(DIGIT 1)) .(.(CONS .(.(DECC .(DIGIT 7)) 6)) .(.(CONS .(DIGIT 9)) .(.(CONS .(.(DECC .(DIGIT 7)) 6)) NIL))))) = .(.(CONS .(.(DECC .(DIGIT 7)) 6)) NIL); .(C .(.(CONS .(DIGIT 2)) .(.(CONS .(.(DECC .(DIGIT 5)) 3)) .(.(CONS .(.(DECC .(DIGIT 3)) 8)) .(.(CONS .(.(DECC .(DIGIT 4)) 9)) .(.(CONS .(.(DECC .(DIGIT 7)) 8)) .(.(CONS .(.(DECC .(DIGIT 6)) 9)) .(.(CONS .(DIGIT 6)) .(.(CONS .(DIGIT 1)) .(.(CONS .(DIGIT 3)) .(.(CONS .(.(DECC .(DIGIT 1)) 1)) NIL))))))))))) = .(.(CONS .(.(DECC .(DIGIT 3)) 8)) NIL); C = TAIL;"
"c085",2,4,8,4215.736669577,2477190,true,-13.786617134309292,-3.0282734189628386,-16.814890553272132,".(C .(.(CONS .(DIGIT 1)) .(.(CONS .(DIGIT 4)) .(.(CONS .(DIGIT 4)) NIL)))) = .(.(CONS .(DIGIT 4)) NIL); .(C .(.(CONS .(DIGIT 2)) .(.(CONS .(.(DECC .(DIGIT 6)) 7)) .(.(CONS .(.(DECC .(DIGIT 5)) 2)) .(.(CONS .(.(DECC .(DIGIT 7)) 2)) .(.(CONS .(.(DECC .(DIGIT 9)) 3)) .(.(CONS .(DIGIT 9)) .(.(CONS .(.(DECC .(DIGIT 6)) 7)) .(.(CONS .(DIGIT 5)) .(.(CONS .(.(DECC .(DIGIT 6)) 8)) NIL)))))))))) = .(.(CONS .(.(DECC .(DIGIT 5)) 2)) NIL); .(C .(.(CONS .(DIGIT 3)) .(.(CONS .(.(DECC .(DIGIT 9)) 8)) .(.(CONS .(.(DECC .(DIGIT 9)) 4)) .(.(CONS .(.(DECC .(DIGIT 9)) 4)) .(.(CONS .(DIGIT 3)) NIL)))))) = .(.(CONS .(.(DECC .(DIGIT 9)) 4)) NIL); .(C .(.(CONS .(DIGIT 8)) .(.(CONS .(.(DECC .(DIGIT 6)) 3)) .(.(CONS .(.(DECC .(DIGIT 7)) 0)) .(.(CONS .(.(DECC .(DIGIT 2)) 5)) .(.(CONS .(DIGIT 0)) .(.(CONS .(DIGIT 2)) .(.(CONS .(.(DECC .(DIGIT 1)) 9)) .(.(CONS .(.(DECC .(DIGIT 3)) 4)) .(.(CONS .(.(DECC .(DIGIT 6)) 0)) NIL)))))))))) = .(.(CONS .(.(DECC .(DIGIT 6)) 0)) NIL); .(C .(.(CONS .(DIGIT 1)) .(.(CONS .(.(DECC .(DIGIT 7)) 6)) .(.(CONS .(DIGIT 9)) .(.(CONS .(.(DECC .(DIGIT 7)) 6)) NIL))))) = .(.(CONS .(.(DECC .(DIGIT 7)) 6)) NIL); .(C .(.(CONS .(DIGIT 2)) .(.(CONS .(.(DECC .(DIGIT 5)) 3)) .(.(CONS .(.(DECC .(DIGIT 3)) 8)) .(.(CONS .(.(DECC .(DIGIT 4)) 9)) .(.(CONS .(.(DECC .(DIGIT 7)) 8)) .(.(CONS .(.(DECC .(DIGIT 6)) 9)) .(.(CONS .(DIGIT 6)) .(.(CONS .(DIGIT 1)) .(.(CONS .(DIGIT 3)) .(.(CONS .(.(DECC .(DIGIT 1)) 1)) NIL))))))))))) = .(.(CONS .(.(DECC .(DIGIT 3)) 8)) NIL); .(C .(.(CONS .(DIGIT 4)) v0_)) = .(.(CONS .(.(DECC .(DIGIT 4)) 6)) NIL);"
"c085",2,4,9,4828.750783834001,2563632,true,-13.946959784384472,-3.882183114334567,-17.829142898719038,".(C .(.(CONS .(DIGIT 1)) .(.(CONS .(DIGIT 4)) .(.(CONS .(DIGIT 4)) NIL)))) = .(.(CONS .(DIGIT 4)) NIL); .(C .(.(CONS .(DIGIT 2)) .(.(CONS .(.(DECC .(DIGIT 6)) 7)) .(.(CONS .(.(DECC .(DIGIT 5)) 2)) .(.(CONS .(.(DECC .(DIGIT 7)) 2)) .(.(CONS .(.(DECC .(DIGIT 9)) 3)) .(.(CONS .(DIGIT 9)) .(.(CONS .(.(DECC .(DIGIT 6)) 7)) .(.(CONS .(DIGIT 5)) .(.(CONS .(.(DECC .(DIGIT 6)) 8)) NIL)))))))))) = .(.(CONS .(.(DECC .(DIGIT 5)) 2)) NIL); .(C .(.(CONS .(DIGIT 3)) .(.(CONS .(.(DECC .(DIGIT 9)) 8)) .(.(CONS .(.(DECC .(DIGIT 9)) 4)) .(.(CONS .(.(DECC .(DIGIT 9)) 4)) .(.(CONS .(DIGIT 3)) NIL)))))) = .(.(CONS .(.(DECC .(DIGIT 9)) 4)) NIL); .(C .(.(CONS .(DIGIT 8)) .(.(CONS .(.(DECC .(DIGIT 6)) 3)) .(.(CONS .(.(DECC .(DIGIT 7)) 0)) .(.(CONS .(.(DECC .(DIGIT 2)) 5)) .(.(CONS .(DIGIT 0)) .(.(CONS .(DIGIT 2)) .(.(CONS .(.(DECC .(DIGIT 1)) 9)) .(.(CONS .(.(DECC .(DIGIT 3)) 4)) .(.(CONS .(.(DECC .(DIGIT 6)) 0)) NIL)))))))))) = .(.(CONS .(.(DECC .(DIGIT 6)) 0)) NIL); .(C .(.(CONS .(DIGIT 1)) .(.(CONS .(.(DECC .(DIGIT 7)) 6)) .(.(CONS .(DIGIT 9)) .(.(CONS .(.(DECC .(DIGIT 7)) 6)) NIL))))) = .(.(CONS .(.(DECC .(DIGIT 7)) 6)) NIL); .(C .(.(CONS .(DIGIT 2)) .(.(CONS .(.(DECC .(DIGIT 5)) 3)) .(.(CONS .(.(DECC .(DIGIT 3)) 8)) .(.(CONS .(.(DECC .(DIGIT 4)) 9)) .(.(CONS .(.(DECC .(DIGIT 7)) 8)) .(.(CONS .(.(DECC .(DIGIT 6)) 9)) .(.(CONS .(DIGIT 6)) .(.(CONS .(DIGIT 1)) .(.(CONS .(DIGIT 3)) .(.(CONS .(.(DECC .(DIGIT 1)) 1)) NIL))))))))))) = .(.(CONS .(.(DECC .(DIGIT 3)) 8)) NIL); .(C .(.(CONS .(DIGIT 4)) .(.(CONS .(.(DECC .(DIGIT 3)) 9)) .(.(CONS .(DIGIT 4)) .(.(CONS .(.(DECC .(DIGIT 4)) 8)) .(.(CONS .(.(DECC .(DIGIT 4)) 6)) .(.(CONS .(.(DECC .(DIGIT 4)) 8)) NIL))))))) = .(.(CONS .(.(DECC .(DIGIT 4)) 6)) NIL); .(C v0_) = .(.(CONS .(.(DECC .(DIGIT 2)) 9)) NIL);"
"c085",2,4,10,5413.622808720001,2628510,true,-14.032117592724779,-4.841452814810413,-18.87357040753519,".(C .(.(CONS .(DIGIT 1)) .(.(CONS .(DIGIT 4)) .(.(CONS .(DIGIT 4)) NIL)))) = .(.(CONS .(DIGIT 4)) NIL); .(C .(.(CONS .(DIGIT 2)) .(.(CONS .(.(DECC .(DIGIT 6)) 7)) .(.(CONS .(.(DECC .(DIGIT 5)) 2)) .(.(CONS .(.(DECC .(DIGIT 7)) 2)) .(.(CONS .(.(DECC .(DIGIT 9)) 3)) .(.(CONS .(DIGIT 9)) .(.(CONS .(.(DECC .(DIGIT 6)) 7)) .(.(CONS .(DIGIT 5)) .(.(CONS .(.(DECC .(DIGIT 6)) 8)) NIL)))))))))) = .(.(CONS .(.(DECC .(DIGIT 5)) 2)) NIL); .(C .(.(CONS .(DIGIT 3)) .(.(CONS .(.(DECC .(DIGIT 9)) 8)) .(.(CONS .(.(DECC .(DIGIT 9)) 4)) .(.(CONS .(.(DECC .(DIGIT 9)) 4)) .(.(CONS .(DIGIT 3)) NIL)))))) = .(.(CONS .(.(DECC .(DIGIT 9)) 4)) NIL); .(C .(.(CONS .(DIGIT 8)) .(.(CONS .(.(DECC .(DIGIT 6)) 3)) .(.(CONS .(.(DECC .(DIGIT 7)) 0)) .(.(CONS .(.(DECC .(DIGIT 2)) 5)) .(.(CONS .(DIGIT 0)) .(.(CONS .(DIGIT 2)) .(.(CONS .(.(DECC .(DIGIT 1)) 9)) .(.(CONS .(.(DECC .(DIGIT 3)) 4)) .(.(CONS .(.(DECC .(DIGIT 6)) 0)) NIL)))))))))) = .(.(CONS .(.(DECC .(DIGIT 6)) 0)) NIL); .(C .(.(CONS .(DIGIT 1)) .(.(CONS .(.(DECC .(DIGIT 7)) 6)) .(.(CONS .(DIGIT 9)) .(.(CONS .(.(DECC .(DIGIT 7)) 6)) NIL))))) = .(.(CONS .(.(DECC .(DIGIT 7)) 6)) NIL); .(C .(.(CONS .(DIGIT 2)) .(.(CONS .(.(DECC .(DIGIT 5)) 3)) .(.(CONS .(.(DECC .(DIGIT 3)) 8)) .(.(CONS .(.(DECC .(DIGIT 4)) 9)) .(.(CONS .(.(DECC .(DIGIT 7)) 8)) .(.(CONS .(.(DECC .(DIGIT 6)) 9)) .(.(CONS .(DIGIT 6)) .(.(CONS .(DIGIT 1)) .(.(CONS .(DIGIT 3)) .(.(CONS .(.(DECC .(DIGIT 1)) 1)) NIL))))))))))) = .(.(CONS .(.(DECC .(DIGIT 3)) 8)) NIL); .(C .(.(CONS .(DIGIT 4)) .(.(CONS .(.(DECC .(DIGIT 3)) 9)) .(.(CONS .(DIGIT 4)) .(.(CONS .(.(DECC .(DIGIT 4)) 8)) .(.(CONS .(.(DECC .(DIGIT 4)) 6)) .(.(CONS .(.(DECC .(DIGIT 4)) 8)) NIL))))))) = .(.(CONS .(.(DECC .(DIGIT 4)) 6)) NIL); .(C .(.(CONS .(DIGIT 4)) .(.(CONS .(.(DECC .(DIGIT 2)) 8)) .(.(CONS .(DIGIT 5)) .(.(CONS .(.(DECC .(DIGIT 2)) 6)) .(.(CONS .(.(DECC .(DIGIT 2)) 9)) .(.(CONS .(DIGIT 6)) .(.(CONS .(.(DECC .(DIGIT 9)) 4)) .(.(CONS .(DIGIT 3)) NIL))))))))) = .(.(CONS .(.(DECC .(DIGIT 2)) 9)) NIL); .(C v0_) = .(.(CONS .(DIGIT 8)) NIL);"
"c085",2,4,11,6002.732204452001,2683278,true,-14.1596788183628,-5.906083541497794,-20.065762359860592,".(C .(.(CONS .(DIGIT 1)) .(.(CONS .(DIGIT 4)) .(.(CONS .(DIGIT 4)) NIL)))) = .(.(CONS .(DIGIT 4)) NIL); .(C .(.(CONS .(DIGIT 2)) .(.(CONS .(.(DECC .(DIGIT 6)) 7)) .(.(CONS .(.(DECC .(DIGIT 5)) 2)) .(.(CONS .(.(DECC .(DIGIT 7)) 2)) .(.(CONS .(.(DECC .(DIGIT 9)) 3)) .(.(CONS .(DIGIT 9)) .(.(CONS .(.(DECC .(DIGIT 6)) 7)) .(.(CONS .(DIGIT 5)) .(.(CONS .(.(DECC .(DIGIT 6)) 8)) NIL)))))))))) = .(.(CONS .(.(DECC .(DIGIT 5)) 2)) NIL); .(C .(.(CONS .(DIGIT 3)) .(.(CONS .(.(DECC .(DIGIT 9)) 8)) .(.(CONS .(.(DECC .(DIGIT 9)) 4)) .(.(CONS .(.(DECC .(DIGIT 9)) 4)) .(.(CONS .(DIGIT 3)) NIL)))))) = .(.(CONS .(.(DECC .(DIGIT 9)) 4)) NIL); .(C .(.(CONS .(DIGIT 8)) .(.(CONS .(.(DECC .(DIGIT 6)) 3)) .(.(CONS .(.(DECC .(DIGIT 7)) 0)) .(.(CONS .(.(DECC .(DIGIT 2)) 5)) .(.(CONS .(DIGIT 0)) .(.(CONS .(DIGIT 2)) .(.(CONS .(.(DECC .(DIGIT 1)) 9)) .(.(CONS .(.(DECC .(DIGIT 3)) 4)) .(.(CONS .(.(DECC .(DIGIT 6)) 0)) NIL)))))))))) = .(.(CONS .(.(DECC .(DIGIT 6)) 0)) NIL); .(C .(.(CONS .(DIGIT 1)) .(.(CONS .(.(DECC .(DIGIT 7)) 6)) .(.(CONS .(DIGIT 9)) .(.(CONS .(.(DECC .(DIGIT 7)) 6)) NIL))))) = .(.(CONS .(.(DECC .(DIGIT 7)) 6)) NIL); .(C .(.(CONS .(DIGIT 2)) v0_)) = .(.(CONS .(.(DECC .(DIGIT 3)) 8)) NIL); .(C .(.(CONS .(DIGIT 4)) .(.(CONS .(.(DECC .(DIGIT 3)) 9)) .(.(CONS .(DIGIT 4)) .(.(CONS .(.(DECC .(DIGIT 4)) 8)) .(.(CONS .(.(DECC .(DIGIT 4)) 6)) .(.(CONS .(.(DECC .(DIGIT 4)) 8)) NIL))))))) = .(.(CONS .(.(DECC .(DIGIT 4)) 6)) NIL); .(C .(.(CONS .(DIGIT 4)) .(.(CONS .(.(DECC .(DIGIT 2)) 8)) .(.(CONS .(DIGIT 5)) .(.(CONS .(.(DECC .(DIGIT 2)) 6)) .(.(CONS .(.(DECC .(DIGIT 2)) 9)) .(.(CONS .(DIGIT 6)) .(.(CONS .(.(DECC .(DIGIT 9)) 4)) .(.(CONS .(DIGIT 3)) NIL))))))))) = .(.(CONS .(.(DECC .(DIGIT 2)) 9)) NIL); .(C .(.(CONS .(DIGIT 1)) .(.(CONS .(DIGIT 8)) .(.(CONS .(.(DECC .(DIGIT 2)) 7)) .(.(CONS .(.(DECC .(DIGIT 2)) 7)) .(.(CONS .(DIGIT 8)) .(.(CONS .(DIGIT 1)) .(.(CONS .(DIGIT 8)) NIL)))))))) = .(.(CONS .(DIGIT 8)) NIL); .(C .(.(CONS .(DIGIT 5)) .(.(CONS .(DIGIT 4)) .(.(CONS .(DIGIT 3)) .(.(CONS .(.(DECC .(DIGIT 8)) 0)) .(.(CONS .(.(DECC .(DIGIT 3)) 6)) .(.(CONS .(.(DECC .(DIGIT 6)) 6)) .(.(CONS .(.(DECC .(DIGIT 7)) 5)) NIL)))))))) = .(.(CONS .(.(DECC .(DIGIT 6)) 6)) NIL);"
"c085",3,4,1,0.00259781,21,true,-9.112948025967533,-0.0010005003335835344,-9.113948526301117,"C = TAIL;"
"c085",3,4,2,601.692301556,796614,true,-10.242812858139748,-0.1173860755468192,-10.360198933686567,".(C v0_) = .(.(CONS .(DIGIT 4)) NIL);"
"c085",3,4,3,1202.194170027,1414983,true,-7.4547199493640015,-0.3391326769715902,-7.793852626335592,".(C .(.(CONS .(DIGIT v0_)) .(.(CONS .(v1_ v2_)) .(.(CONS .(v3_ v4_)) v5_)))) = .(.(CONS .(v3_ v4_)) NIL);"
"c085",3,4,4,1801.4284295549999,1813017,true,-7.4547199493640015,-0.6662397940541875,-8.120959743418188,".(C .(.(CONS .(DIGIT v0_)) .(.(CONS .(v1_ v2_)) .(.(CONS .(v3_ v4_)) v5_)))) = .(.(CONS .(v3_ v4_)) NIL);"
"c085",3,4,5,2403.5414420169996,2086177,true,-13.208350229747769,-1.098707426794611,-14.30705765654238,".(C .(.(CONS .(DIGIT 1)) .(.(CONS .(DIGIT 4)) .(.(CONS .(DIGIT 4)) NIL)))) = .(.(CONS .(DIGIT 4)) NIL); .(C .(.(CONS .(DIGIT 2)) .(.(CONS .(.(DECC .(DIGIT 6)) 7)) .(.(CONS .(.(DECC .(DIGIT 5)) 2)) .(.(CONS .(.(DECC .(DIGIT 7)) 2)) .(.(CONS .(.(DECC .(DIGIT 9)) 3)) .(.(CONS .(DIGIT 9)) .(.(CONS .(.(DECC .(DIGIT 6)) 7)) .(.(CONS .(DIGIT 5)) .(.(CONS .(.(DECC .(DIGIT 6)) 8)) NIL)))))))))) = .(.(CONS .(.(DECC .(DIGIT 5)) 2)) NIL); .(C .(.(CONS .(DIGIT 3)) .(.(CONS .(.(DECC .(DIGIT 9)) 8)) .(.(CONS .(.(DECC .(DIGIT 9)) 4)) .(.(CONS .(.(DECC .(DIGIT 9)) 4)) .(.(CONS .(DIGIT 3)) NIL)))))) = .(.(CONS .(.(DECC .(DIGIT 9)) 4)) NIL); .(C v0_) = .(.(CONS .(.(DECC .(DIGIT 6)) 0)) NIL);"
"c085",3,4,6,3009.8337540349994,2269970,true,-13.359173119482353,-1.6365355751928607,-14.995708694675214,".(C .(.(CONS .(DIGIT 1)) .(.(CONS .(DIGIT 4)) .(.(CONS .(DIGIT 4)) NIL)))) = .(.(CONS .(DIGIT 4)) NIL); .(C .(.(CONS .(DIGIT 2)) v0_)) = .(.(CONS .(.(DECC .(DIGIT 5)) 2)) NIL); .(C .(.(CONS .(DIGIT 3)) .(.(CONS .(.(DECC .(DIGIT 9)) 8)) .(.(CONS .(.(DECC .(DIGIT 9)) 4)) .(.(CONS .(.(DECC .(DIGIT 9)) 4)) .(.(CONS .(DIGIT 3)) NIL)))))) = .(.(CONS .(.(DECC .(DIGIT 9)) 4)) NIL); .(C .(.(CONS .(DIGIT 8)) .(.(CONS .(.(DECC .(DIGIT 6)) 3)) .(.(CONS .(.(DECC .(DIGIT 7)) 0)) .(.(CONS .(.(DECC .(DIGIT 2)) 5)) .(.(CONS .(DIGIT 0)) .(.(CONS .(DIGIT 2)) .(.(CONS .(.(DECC .(DIGIT 1)) 9)) .(.(CONS .(.(DECC .(DIGIT 3)) 4)) .(.(CONS .(.(DECC .(DIGIT 6)) 0)) NIL)))))))))) = .(.(CONS .(.(DECC .(DIGIT 6)) 0)) NIL); .(C .(.(CONS .(DIGIT 1)) .(.(CONS .(.(DECC .(DIGIT 7)) 6)) .(.(CONS .(DIGIT 9)) .(.(CONS .(.(DECC .(DIGIT 7)) 6)) NIL))))) = .(.(CONS .(.(DECC .(DIGIT 7)) 6)) NIL);"
"c085",3,4,7,3602.1502182799995,2417098,true,-13.23546346515633,-2.2797242392489365,-15.515187704405268,".(C .(.(CONS .(DIGIT 1)) .(.(CONS .(DIGIT 4)) .(.(CONS .(DIGIT 4)) NIL)))) = .(.(CONS .(DIGIT 4)) NIL); .(C .(.(CONS .(DIGIT 2)) .(.(CONS .(.(DECC .(DIGIT 6)) 7)) .(.(CONS .(.(DECC .(DIGIT 5)) 2)) .(.(CONS .(.(DECC .(DIGIT 7)) 2)) .(.(CONS .(.(DECC .(DIGIT 9)) 3)) .(.(CONS .(DIGIT 9)) .(.(CONS .(.(DECC .(DIGIT 6)) 7)) .(.(CONS .(DIGIT 5)) .(.(CONS .(.(DECC .(DIGIT 6)) 8)) NIL)))))))))) = .(.(CONS .(.(DECC .(DIGIT 5)) 2)) NIL); .(C .(.(CONS .(DIGIT 3)) .(.(CONS .(.(DECC .(DIGIT 9)) 8)) .(.(CONS .(.(DECC .(DIGIT 9)) 4)) .(.(CONS .(.(DECC .(DIGIT 9)) 4)) .(.(CONS .(DIGIT 3)) NIL)))))) = .(.(CONS .(.(DECC .(DIGIT 9)) 4)) NIL); .(C .(.(CONS .(DIGIT 8)) .(.(CONS .(.(DECC .(DIGIT 6)) 3)) .(.(CONS .(.(DECC .(DIGIT 7)) 0)) .(.(CONS .(.(DECC .(DIGIT 2)) 5)) .(.(CONS .(DIGIT 0)) .(.(CONS .(DIGIT 2)) .(.(CONS .(.(DECC .(DIGIT 1)) 9)) .(.(CONS .(.(DECC .(DIGIT 3)) 4)) .(.(CONS .(.(DECC .(DIGIT 6)) 0)) NIL)))))))))) = .(.(CONS .(.(DECC .(DIGIT 6)) 0)) NIL); .(C .(.(CONS .(DIGIT 1)) .(.(CONS .(.(DECC .(DIGIT 7)) 6)) .(.(CONS .(DIGIT 9)) .(.(CONS .(.(DECC .(DIGIT 7)) 6)) NIL))))) = .(.(CONS .(.(DECC .(DIGIT 7)) 6)) NIL); .(C .(.(CONS .(DIGIT 2)) .(.(CONS .(.(DECC .(DIGIT 5)) 3)) .(.(CONS .(.(DECC .(DIGIT 3)) 8)) .(.(CONS .(.(DECC .(DIGIT 4)) 9)) .(.(CONS .(.(DECC .(DIGIT 7)) 8)) .(.(CONS .(.(DECC .(DIGIT 6)) 9)) .(.(CONS .(DIGIT 6)) .(.(CONS .(DIGIT 1)) .(.(CONS .(DIGIT 3)) .(.(CONS .(.(DECC .(DIGIT 1)) 1)) NIL))))))))))) = .(.(CONS .(.(DECC .(DIGIT 3)) 8)) NIL); C = TAIL;"
"c085",3,4,8,4202.454730887,2526593,true,-13.786617134309292,-3.0282734189628386,-16.814890553272132,".(C .(.(CONS .(DIGIT 1)) .(.(CONS .(DIGIT 4)) .(.(CONS .(DIGIT 4)) NIL)))) = .(.(CONS .(DIGIT 4)) NIL); .(C .(.(CONS .(DIGIT 2)) .(.(CONS .(.(DECC .(DIGIT 6)) 7)) .(.(CONS .(.(DECC .(DIGIT 5)) 2)) .(.(CONS .(.(DECC .(DIGIT 7)) 2)) .(.(CONS .(.(DECC .(DIGIT 9)) 3)) .(.(CONS .(DIGIT 9)) .(.(CONS .(.(DECC .(DIGIT 6)) 7)) .(.(CONS .(DIGIT 5)) .(.(CONS .(.(DECC .(DIGIT 6)) 8)) NIL)))))))))) = .(.(CONS .(.(DECC .(DIGIT 5)) 2)) NIL); .(C .(.(CONS .(DIGIT 3)) .(.(CONS .(.(DECC .(DIGIT 9)) 8)) .(.(CONS .(.(DECC .(DIGIT 9)) 4)) .(.(CONS .(.(DECC .(DIGIT 9)) 4)) .(.(CONS .(DIGIT 3)) NIL)))))) = .(.(CONS .(.(DECC .(DIGIT 9)) 4)) NIL); .(C .(.(CONS .(DIGIT 8)) .(.(CONS .(.(DECC .(DIGIT 6)) 3)) .(.(CONS .(.(DECC .(DIGIT 7)) 0)) .(.(CONS .(.(DECC .(DIGIT 2)) 5)) .(.(CONS .(DIGIT 0)) .(.(CONS .(DIGIT 2)) .(.(CONS .(.(DECC .(DIGIT 1)) 9)) .(.(CONS .(.(DECC .(DIGIT 3)) 4)) .(.(CONS .(.(DECC .(DIGIT 6)) 0)) NIL)))))))))) = .(.(CONS .(.(DECC .(DIGIT 6)) 0)) NIL); .(C .(.(CONS .(DIGIT 1)) .(.(CONS .(.(DECC .(DIGIT 7)) 6)) .(.(CONS .(DIGIT 9)) .(.(CONS .(.(DECC .(DIGIT 7)) 6)) NIL))))) = .(.(CONS .(.(DECC .(DIGIT 7)) 6)) NIL); .(C .(.(CONS .(DIGIT 2)) .(.(CONS .(.(DECC .(DIGIT 5)) 3)) .(.(CONS .(.(DECC .(DIGIT 3)) 8)) .(.(CONS .(.(DECC .(DIGIT 4)) 9)) .(.(CONS .(.(DECC .(DIGIT 7)) 8)) .(.(CONS .(.(DECC .(DIGIT 6)) 9)) .(.(CONS .(DIGIT 6)) .(.(CONS .(DIGIT 1)) .(.(CONS .(DIGIT 3)) .(.(CONS .(.(DECC .(DIGIT 1)) 1)) NIL))))))))))) = .(.(CONS .(.(DECC .(DIGIT 3)) 8)) NIL); .(C .(.(CONS .(DIGIT 4)) v0_)) = .(.(CONS .(.(DECC .(DIGIT 4)) 6)) NIL);"
"c085",3,4,9,4807.023160542999,2611845,true,-13.946959784384472,-3.882183114334567,-17.829142898719038,".(C .(.(CONS .(DIGIT 1)) .(.(CONS .(DIGIT 4)) .(.(CONS .(DIGIT 4)) NIL)))) = .(.(CONS .(DIGIT 4)) NIL); .(C .(.(CONS .(DIGIT 2)) .(.(CONS .(.(DECC .(DIGIT 6)) 7)) .(.(CONS .(.(DECC .(DIGIT 5)) 2)) .(.(CONS .(.(DECC .(DIGIT 7)) 2)) .(.(CONS .(.(DECC .(DIGIT 9)) 3)) .(.(CONS .(DIGIT 9)) .(.(CONS .(.(DECC .(DIGIT 6)) 7)) .(.(CONS .(DIGIT 5)) .(.(CONS .(.(DECC .(DIGIT 6)) 8)) NIL)))))))))) = .(.(CONS .(.(DECC .(DIGIT 5)) 2)) NIL); .(C .(.(CONS .(DIGIT 3)) .(.(CONS .(.(DECC .(DIGIT 9)) 8)) .(.(CONS .(.(DECC .(DIGIT 9)) 4)) .(.(CONS .(.(DECC .(DIGIT 9)) 4)) .(.(CONS .(DIGIT 3)) NIL)))))) = .(.(CONS .(.(DECC .(DIGIT 9)) 4)) NIL); .(C .(.(CONS .(DIGIT 8)) .(.(CONS .(.(DECC .(DIGIT 6)) 3)) .(.(CONS .(.(DECC .(DIGIT 7)) 0)) .(.(CONS .(.(DECC .(DIGIT 2)) 5)) .(.(CONS .(DIGIT 0)) .(.(CONS .(DIGIT 2)) .(.(CONS .(.(DECC .(DIGIT 1)) 9)) .(.(CONS .(.(DECC .(DIGIT 3)) 4)) .(.(CONS .(.(DECC .(DIGIT 6)) 0)) NIL)))))))))) = .(.(CONS .(.(DECC .(DIGIT 6)) 0)) NIL); .(C .(.(CONS .(DIGIT 1)) .(.(CONS .(.(DECC .(DIGIT 7)) 6)) .(.(CONS .(DIGIT 9)) .(.(CONS .(.(DECC .(DIGIT 7)) 6)) NIL))))) = .(.(CONS .(.(DECC .(DIGIT 7)) 6)) NIL); .(C .(.(CONS .(DIGIT 2)) .(.(CONS .(.(DECC .(DIGIT 5)) 3)) .(.(CONS .(.(DECC .(DIGIT 3)) 8)) .(.(CONS .(.(DECC .(DIGIT 4)) 9)) .(.(CONS .(.(DECC .(DIGIT 7)) 8)) .(.(CONS .(.(DECC .(DIGIT 6)) 9)) .(.(CONS .(DIGIT 6)) .(.(CONS .(DIGIT 1)) .(.(CONS .(DIGIT 3)) .(.(CONS .(.(DECC .(DIGIT 1)) 1)) NIL))))))))))) = .(.(CONS .(.(DECC .(DIGIT 3)) 8)) NIL); .(C .(.(CONS .(DIGIT 4)) .(.(CONS .(.(DECC .(DIGIT 3)) 9)) .(.(CONS .(DIGIT 4)) .(.(CONS .(.(DECC .(DIGIT 4)) 8)) .(.(CONS .(.(DECC .(DIGIT 4)) 6)) .(.(CONS .(.(DECC .(DIGIT 4)) 8)) NIL))))))) = .(.(CONS .(.(DECC .(DIGIT 4)) 6)) NIL); .(C v0_) = .(.(CONS .(.(DECC .(DIGIT 2)) 9)) NIL);"
"c085",3,4,10,5405.7844722419995,2675961,true,-13.23546346515633,-4.841452814810413,-18.076916279966746,".(C .(.(CONS .(DIGIT 1)) .(.(CONS .(DIGIT 4)) .(.(CONS .(DIGIT 4)) NIL)))) = .(.(CONS .(DIGIT 4)) NIL); .(C .(.(CONS .(DIGIT 2)) .(.(CONS .(.(DECC .(DIGIT 6)) 7)) .(.(CONS .(.(DECC .(DIGIT 5)) 2)) .(.(CONS .(.(DECC .(DIGIT 7)) 2)) .(.(CONS .(.(DECC .(DIGIT 9)) 3)) .(.(CONS .(DIGIT 9)) .(.(CONS .(.(DECC .(DIGIT 6)) 7)) .(.(CONS .(DIGIT 5)) .(.(CONS .(.(DECC .(DIGIT 6)) 8)) NIL)))))))))) = .(.(CONS .(.(DECC .(DIGIT 5)) 2)) NIL); .(C .(.(CONS .(DIGIT 3)) .(.(CONS .(.(DECC .(DIGIT 9)) 8)) .(.(CONS .(.(DECC .(DIGIT 9)) 4)) .(.(CONS .(.(DECC .(DIGIT 9)) 4)) .(.(CONS .(DIGIT 3)) NIL)))))) = .(.(CONS .(.(DECC .(DIGIT 9)) 4)) NIL); .(C .(.(CONS .(DIGIT 8)) .(.(CONS .(.(DECC .(DIGIT 6)) 3)) .(.(CONS .(.(DECC .(DIGIT 7)) 0)) .(.(CONS .(.(DECC .(DIGIT 2)) 5)) .(.(CONS .(DIGIT 0)) .(.(CONS .(DIGIT 2)) .(.(CONS .(.(DECC .(DIGIT 1)) 9)) .(.(CONS .(.(DECC .(DIGIT 3)) 4)) .(.(CONS .(.(DECC .(DIGIT 6)) 0)) NIL)))))))))) = .(.(CONS .(.(DECC .(DIGIT 6)) 0)) NIL); .(C .(.(CONS .(DIGIT 1)) .(.(CONS .(.(DECC .(DIGIT 7)) 6)) .(.(CONS .(DIGIT 9)) .(.(CONS .(.(DECC .(DIGIT 7)) 6)) NIL))))) = .(.(CONS .(.(DECC .(DIGIT 7)) 6)) NIL); .(C .(.(CONS .(DIGIT 2)) .(.(CONS .(.(DECC .(DIGIT 5)) 3)) .(.(CONS .(.(DECC .(DIGIT 3)) 8)) .(.(CONS .(.(DECC .(DIGIT 4)) 9)) .(.(CONS .(.(DECC .(DIGIT 7)) 8)) .(.(CONS .(.(DECC .(DIGIT 6)) 9)) .(.(CONS .(DIGIT 6)) .(.(CONS .(DIGIT 1)) .(.(CONS .(DIGIT 3)) .(.(CONS .(.(DECC .(DIGIT 1)) 1)) NIL))))))))))) = .(.(CONS .(.(DECC .(DIGIT 3)) 8)) NIL); .(C .(.(CONS .(DIGIT 4)) .(.(CONS .(.(DECC .(DIGIT 3)) 9)) .(.(CONS .(DIGIT 4)) .(.(CONS .(.(DECC .(DIGIT 4)) 8)) .(.(CONS .(.(DECC .(DIGIT 4)) 6)) .(.(CONS .(.(DECC .(DIGIT 4)) 8)) NIL))))))) = .(.(CONS .(.(DECC .(DIGIT 4)) 6)) NIL); .(C .(.(CONS .(DIGIT 4)) .(.(CONS .(.(DECC .(DIGIT 2)) 8)) .(.(CONS .(DIGIT 5)) .(.(CONS .(.(DECC .(DIGIT 2)) 6)) .(.(CONS .(.(DECC .(DIGIT 2)) 9)) .(.(CONS .(DIGIT 6)) .(.(CONS .(.(DECC .(DIGIT 9)) 4)) .(.(CONS .(DIGIT 3)) NIL))))))))) = .(.(CONS .(.(DECC .(DIGIT 2)) 9)) NIL); .(C .(.(CONS .(DIGIT 1)) .(.(CONS .(DIGIT 8)) .(.(CONS .(.(DECC .(DIGIT 2)) 7)) .(.(CONS .(.(DECC .(DIGIT 2)) 7)) .(.(CONS .(DIGIT 8)) .(.(CONS .(DIGIT 1)) .(.(CONS .(DIGIT 8)) NIL)))))))) = .(.(CONS .(DIGIT 8)) NIL); C = TAIL;"
"c085",3,4,11,6019.783823476,2735079,true,-14.1596788183628,-5.906083541497794,-20.065762359860592,".(C .(.(CONS .(DIGIT 1)) .(.(CONS .(DIGIT 4)) .(.(CONS .(DIGIT 4)) NIL)))) = .(.(CONS .(DIGIT 4)) NIL); .(C .(.(CONS .(DIGIT 2)) .(.(CONS .(.(DECC .(DIGIT 6)) 7)) .(.(CONS .(.(DECC .(DIGIT 5)) 2)) .(.(CONS .(.(DECC .(DIGIT 7)) 2)) .(.(CONS .(.(DECC .(DIGIT 9)) 3)) .(.(CONS .(DIGIT 9)) .(.(CONS .(.(DECC .(DIGIT 6)) 7)) .(.(CONS .(DIGIT 5)) .(.(CONS .(.(DECC .(DIGIT 6)) 8)) NIL)))))))))) = .(.(CONS .(.(DECC .(DIGIT 5)) 2)) NIL); .(C .(.(CONS .(DIGIT 3)) .(.(CONS .(.(DECC .(DIGIT 9)) 8)) .(.(CONS .(.(DECC .(DIGIT 9)) 4)) .(.(CONS .(.(DECC .(DIGIT 9)) 4)) .(.(CONS .(DIGIT 3)) NIL)))))) = .(.(CONS .(.(DECC .(DIGIT 9)) 4)) NIL); .(C .(.(CONS .(DIGIT 8)) .(.(CONS .(.(DECC .(DIGIT 6)) 3)) .(.(CONS .(.(DECC .(DIGIT 7)) 0)) .(.(CONS .(.(DECC .(DIGIT 2)) 5)) .(.(CONS .(DIGIT 0)) .(.(CONS .(DIGIT 2)) .(.(CONS .(.(DECC .(DIGIT 1)) 9)) .(.(CONS .(.(DECC .(DIGIT 3)) 4)) .(.(CONS .(.(DECC .(DIGIT 6)) 0)) NIL)))))))))) = .(.(CONS .(.(DECC .(DIGIT 6)) 0)) NIL); .(C .(.(CONS .(DIGIT 1)) .(.(CONS .(.(DECC .(DIGIT 7)) 6)) .(.(CONS .(DIGIT 9)) .(.(CONS .(.(DECC .(DIGIT 7)) 6)) NIL))))) = .(.(CONS .(.(DECC .(DIGIT 7)) 6)) NIL); .(C .(.(CONS .(DIGIT 2)) v0_)) = .(.(CONS .(.(DECC .(DIGIT 3)) 8)) NIL); .(C .(.(CONS .(DIGIT 4)) .(.(CONS .(.(DECC .(DIGIT 3)) 9)) .(.(CONS .(DIGIT 4)) .(.(CONS .(.(DECC .(DIGIT 4)) 8)) .(.(CONS .(.(DECC .(DIGIT 4)) 6)) .(.(CONS .(.(DECC .(DIGIT 4)) 8)) NIL))))))) = .(.(CONS .(.(DECC .(DIGIT 4)) 6)) NIL); .(C .(.(CONS .(DIGIT 4)) .(.(CONS .(.(DECC .(DIGIT 2)) 8)) .(.(CONS .(DIGIT 5)) .(.(CONS .(.(DECC .(DIGIT 2)) 6)) .(.(CONS .(.(DECC .(DIGIT 2)) 9)) .(.(CONS .(DIGIT 6)) .(.(CONS .(.(DECC .(DIGIT 9)) 4)) .(.(CONS .(DIGIT 3)) NIL))))))))) = .(.(CONS .(.(DECC .(DIGIT 2)) 9)) NIL); .(C .(.(CONS .(DIGIT 1)) .(.(CONS .(DIGIT 8)) .(.(CONS .(.(DECC .(DIGIT 2)) 7)) .(.(CONS .(.(DECC .(DIGIT 2)) 7)) .(.(CONS .(DIGIT 8)) .(.(CONS .(DIGIT 1)) .(.(CONS .(DIGIT 8)) NIL)))))))) = .(.(CONS .(DIGIT 8)) NIL); .(C .(.(CONS .(DIGIT 5)) .(.(CONS .(DIGIT 4)) .(.(CONS .(DIGIT 3)) .(.(CONS .(.(DECC .(DIGIT 8)) 0)) .(.(CONS .(.(DECC .(DIGIT 3)) 6)) .(.(CONS .(.(DECC .(DIGIT 6)) 6)) .(.(CONS .(.(DECC .(DIGIT 7)) 5)) NIL)))))))) = .(.(CONS .(.(DECC .(DIGIT 6)) 6)) NIL);"
"c085",4,4,1,0.051674152,70,true,-9.112948025967533,-0.0010005003335835344,-9.113948526301117,"C = TAIL;"
"c085",4,4,2,601.8679529030001,850290,true,-10.242812858139748,-0.1173860755468192,-10.360198933686567,".(C v0_) = .(.(CONS .(DIGIT 4)) NIL);"
"c085",4,4,3,1202.217520654,1476231,true,-7.4547199493640015,-0.3391326769715902,-7.793852626335592,".(C .(.(CONS .(DIGIT v0_)) .(.(CONS .(v1_ v2_)) .(.(CONS .(v3_ v4_)) v5_)))) = .(.(CONS .(v3_ v4_)) NIL);"
"c085",4,4,4,1801.4224707209999,1871561,true,-7.336936913707618,-0.6662397940541875,-8.003176707761805,".(C .(.(CONS .(DIGIT v0_)) .(.(CONS .(v1_ v2_)) .(.(CONS .(v3_ v4_)) v5_)))) = .(.(CONS .(v3_ v4_)) NIL);"
"c085",4,4,5,2406.2711613679994,2145187,true,-13.208350229747769,-1.098707426794611,-14.30705765654238,".(C .(.(CONS .(DIGIT 1)) .(.(CONS .(DIGIT 4)) .(.(CONS .(DIGIT 4)) NIL)))) = .(.(CONS .(DIGIT 4)) NIL); .(C .(.(CONS .(DIGIT 2)) .(.(CONS .(.(DECC .(DIGIT 6)) 7)) .(.(CONS .(.(DECC .(DIGIT 5)) 2)) .(.(CONS .(.(DECC .(DIGIT 7)) 2)) .(.(CONS .(.(DECC .(DIGIT 9)) 3)) .(.(CONS .(DIGIT 9)) .(.(CONS .(.(DECC .(DIGIT 6)) 7)) .(.(CONS .(DIGIT 5)) .(.(CONS .(.(DECC .(DIGIT 6)) 8)) NIL)))))))))) = .(.(CONS .(.(DECC .(DIGIT 5)) 2)) NIL); .(C .(.(CONS .(DIGIT 3)) .(.(CONS .(.(DECC .(DIGIT 9)) 8)) .(.(CONS .(.(DECC .(DIGIT 9)) 4)) .(.(CONS .(.(DECC .(DIGIT 9)) 4)) .(.(CONS .(DIGIT 3)) NIL)))))) = .(.(CONS .(.(DECC .(DIGIT 9)) 4)) NIL); .(C v0_) = .(.(CONS .(.(DECC .(DIGIT 6)) 0)) NIL);"
"c085",4,4,6,3001.874777833,2325859,true,-13.359173119482353,-1.6365355751928607,-14.995708694675214,".(C .(.(CONS .(DIGIT 1)) .(.(CONS .(DIGIT 4)) .(.(CONS .(DIGIT 4)) NIL)))) = .(.(CONS .(DIGIT 4)) NIL); .(C .(.(CONS .(DIGIT 2)) .(.(CONS .(.(DECC .(DIGIT 6)) 7)) .(.(CONS .(.(DECC .(DIGIT 5)) 2)) .(.(CONS .(.(DECC .(DIGIT 7)) 2)) .(.(CONS .(.(DECC .(DIGIT 9)) 3)) .(.(CONS .(DIGIT 9)) .(.(CONS .(.(DECC .(DIGIT 6)) 7)) .(.(CONS .(DIGIT 5)) .(.(CONS .(.(DECC .(DIGIT 6)) 8)) NIL)))))))))) = .(.(CONS .(.(DECC .(DIGIT 5)) 2)) NIL); .(C .(.(CONS .(DIGIT 3)) .(.(CONS .(.(DECC .(DIGIT 9)) 8)) .(.(CONS .(.(DECC .(DIGIT 9)) 4)) .(.(CONS .(.(DECC .(DIGIT 9)) 4)) .(.(CONS .(DIGIT 3)) NIL)))))) = .(.(CONS .(.(DECC .(DIGIT 9)) 4)) NIL); .(C .(.(CONS .(DIGIT 8)) .(.(CONS .(.(DECC .(DIGIT 6)) 3)) .(.(CONS .(.(DECC .(DIGIT 7)) 0)) .(.(CONS .(.(DECC .(DIGIT 2)) 5)) .(.(CONS .(DIGIT 0)) .(.(CONS .(DIGIT 2)) .(.(CONS .(.(DECC .(DIGIT 1)) 9)) .(.(CONS .(.(DECC .(DIGIT 3)) 4)) .(.(CONS .(.(DECC .(DIGIT 6)) 0)) NIL)))))))))) = .(.(CONS .(.(DECC .(DIGIT 6)) 0)) NIL); .(C v0_) = .(.(CONS .(.(DECC .(DIGIT 7)) 6)) NIL);"
"c085",4,4,7,3608.4331445209996,2476574,true,-13.661743804427886,-2.2797242392489365,-15.941468043676823,".(C .(.(CONS .(DIGIT 1)) .(.(CONS .(DIGIT 4)) .(.(CONS .(DIGIT 4)) NIL)))) = .(.(CONS .(DIGIT 4)) NIL); .(C .(.(CONS .(DIGIT 2)) .(.(CONS .(.(DECC .(DIGIT 6)) 7)) .(.(CONS .(.(DECC .(DIGIT 5)) 2)) .(.(CONS .(.(DECC .(DIGIT 7)) 2)) .(.(CONS .(.(DECC .(DIGIT 9)) 3)) .(.(CONS .(DIGIT 9)) .(.(CONS .(.(DECC .(DIGIT 6)) 7)) .(.(CONS .(DIGIT 5)) .(.(CONS .(.(DECC .(DIGIT 6)) 8)) NIL)))))))))) = .(.(CONS .(.(DECC .(DIGIT 5)) 2)) NIL); .(C .(.(CONS .(DIGIT 3)) .(.(CONS .(.(DECC .(DIGIT 9)) 8)) .(.(CONS .(.(DECC .(DIGIT 9)) 4)) .(.(CONS .(.(DECC .(DIGIT 9)) 4)) .(.(CONS .(DIGIT 3)) NIL)))))) = .(.(CONS .(.(DECC .(DIGIT 9)) 4)) NIL); .(C .(.(CONS .(DIGIT 8)) .(.(CONS .(.(DECC .(DIGIT 6)) 3)) .(.(CONS .(.(DECC .(DIGIT 7)) 0)) .(.(CONS .(.(DECC .(DIGIT 2)) 5)) .(.(CONS .(DIGIT 0)) .(.(CONS .(DIGIT 2)) .(.(CONS .(.(DECC .(DIGIT 1)) 9)) .(.(CONS .(.(DECC .(DIGIT 3)) 4)) .(.(CONS .(.(DECC .(DIGIT 6)) 0)) NIL)))))))))) = .(.(CONS .(.(DECC .(DIGIT 6)) 0)) NIL); .(C .(.(CONS .(DIGIT 1)) .(.(CONS .(.(DECC .(DIGIT 7)) 6)) .(.(CONS .(DIGIT 9)) .(.(CONS .(.(DECC .(DIGIT 7)) 6)) NIL))))) = .(.(CONS .(.(DECC .(DIGIT 7)) 6)) NIL); .(C v0_) = .(.(CONS .(.(DECC .(DIGIT 3)) 8)) NIL);"
"c085",4,4,8,4214.853475977,2589474,true,-13.786617134309292,-3.0282734189628386,-16.814890553272132,".(C .(.(CONS .(DIGIT 1)) .(.(CONS .(DIGIT 4)) .(.(CONS .(DIGIT 4)) NIL)))) = .(.(CONS .(DIGIT 4)) NIL); .(C .(.(CONS .(DIGIT 2)) .(.(CONS .(.(DECC .(DIGIT 6)) 7)) .(.(CONS .(.(DECC .(DIGIT 5)) 2)) .(.(CONS .(.(DECC .(DIGIT 7)) 2)) .(.(CONS .(.(DECC .(DIGIT 9)) 3)) .(.(CONS .(DIGIT 9)) .(.(CONS .(.(DECC .(DIGIT 6)) 7)) .(.(CONS .(DIGIT 5)) .(.(CONS .(.(DECC .(DIGIT 6)) 8)) NIL)))))))))) = .(.(CONS .(.(DECC .(DIGIT 5)) 2)) NIL); .(C .(.(CONS .(DIGIT 3)) .(.(CONS .(.(DECC .(DIGIT 9)) 8)) .(.(CONS .(.(DECC .(DIGIT 9)) 4)) .(.(CONS .(.(DECC .(DIGIT 9)) 4)) .(.(CONS .(DIGIT 3)) NIL)))))) = .(.(CONS .(.(DECC .(DIGIT 9)) 4)) NIL); .(C .(.(CONS .(DIGIT 8)) .(.(CONS .(.(DECC .(DIGIT 6)) 3)) .(.(CONS .(.(DECC .(DIGIT 7)) 0)) .(.(CONS .(.(DECC .(DIGIT 2)) 5)) .(.(CONS .(DIGIT 0)) .(.(CONS .(DIGIT 2)) .(.(CONS .(.(DECC .(DIGIT 1)) 9)) .(.(CONS .(.(DECC .(DIGIT 3)) 4)) .(.(CONS .(.(DECC .(DIGIT 6)) 0)) NIL)))))))))) = .(.(CONS .(.(DECC .(DIGIT 6)) 0)) NIL); .(C .(.(CONS .(DIGIT 1)) .(.(CONS .(.(DECC .(DIGIT 7)) 6)) .(.(CONS .(DIGIT 9)) .(.(CONS .(.(DECC .(DIGIT 7)) 6)) NIL))))) = .(.(CONS .(.(DECC .(DIGIT 7)) 6)) NIL); .(C .(.(CONS .(DIGIT 2)) .(.(CONS .(.(DECC .(DIGIT 5)) 3)) .(.(CONS .(.(DECC .(DIGIT 3)) 8)) .(.(CONS .(.(DECC .(DIGIT 4)) 9)) .(.(CONS .(.(DECC .(DIGIT 7)) 8)) .(.(CONS .(.(DECC .(DIGIT 6)) 9)) .(.(CONS .(DIGIT 6)) .(.(CONS .(DIGIT 1)) .(.(CONS .(DIGIT 3)) .(.(CONS .(.(DECC .(DIGIT 1)) 1)) NIL))))))))))) = .(.(CONS .(.(DECC .(DIGIT 3)) 8)) NIL); .(C v0_) = .(.(CONS .(.(DECC .(DIGIT 4)) 6)) NIL);"
"c085",4,4,9,4801.979983679,2675042,true,-13.23546346515633,-3.882183114334567,-17.1176465794909,".(C .(.(CONS .(DIGIT 1)) .(.(CONS .(DIGIT 4)) .(.(CONS .(DIGIT 4)) NIL)))) = .(.(CONS .(DIGIT 4)) NIL); .(C .(.(CONS .(DIGIT 2)) .(.(CONS .(.(DECC .(DIGIT 6)) 7)) .(.(CONS .(.(DECC .(DIGIT 5)) 2)) .(.(CONS .(.(DECC .(DIGIT 7)) 2)) .(.(CONS .(.(DECC .(DIGIT 9)) 3)) .(.(CONS .(DIGIT 9)) .(.(CONS .(.(DECC .(DIGIT 6)) 7)) .(.(CONS .(DIGIT 5)) .(.(CONS .(.(DECC .(DIGIT 6)) 8)) NIL)))))))))) = .(.(CONS .(.(DECC .(DIGIT 5)) 2)) NIL); .(C .(.(CONS .(DIGIT 3)) .(.(CONS .(.(DECC .(DIGIT 9)) 8)) .(.(CONS .(.(DECC .(DIGIT 9)) 4)) .(.(CONS .(.(DECC .(DIGIT 9)) 4)) .(.(CONS .(DIGIT 3)) NIL)))))) = .(.(CONS .(.(DECC .(DIGIT 9)) 4)) NIL); .(C .(.(CONS .(DIGIT 8)) .(.(CONS .(.(DECC .(DIGIT 6)) 3)) .(.(CONS .(.(DECC .(DIGIT 7)) 0)) .(.(CONS .(.(DECC .(DIGIT 2)) 5)) .(.(CONS .(DIGIT 0)) .(.(CONS .(DIGIT 2)) .(.(CONS .(.(DECC .(DIGIT 1)) 9)) .(.(CONS .(.(DECC .(DIGIT 3)) 4)) .(.(CONS .(.(DECC .(DIGIT 6)) 0)) NIL)))))))))) = .(.(CONS .(.(DECC .(DIGIT 6)) 0)) NIL); .(C .(.(CONS .(DIGIT 1)) .(.(CONS .(.(DECC .(DIGIT 7)) 6)) .(.(CONS .(DIGIT 9)) .(.(CONS .(.(DECC .(DIGIT 7)) 6)) NIL))))) = .(.(CONS .(.(DECC .(DIGIT 7)) 6)) NIL); .(C .(.(CONS .(DIGIT 2)) .(.(CONS .(.(DECC .(DIGIT 5)) 3)) .(.(CONS .(.(DECC .(DIGIT 3)) 8)) .(.(CONS .(.(DECC .(DIGIT 4)) 9)) .(.(CONS .(.(DECC .(DIGIT 7)) 8)) .(.(CONS .(.(DECC .(DIGIT 6)) 9)) .(.(CONS .(DIGIT 6)) .(.(CONS .(DIGIT 1)) .(.(CONS .(DIGIT 3)) .(.(CONS .(.(DECC .(DIGIT 1)) 1)) NIL))))))))))) = .(.(CONS .(.(DECC .(DIGIT 3)) 8)) NIL); .(C .(.(CONS .(DIGIT 4)) .(.(CONS .(.(DECC .(DIGIT 3)) 9)) .(.(CONS .(DIGIT 4)) .(.(CONS .(.(DECC .(DIGIT 4)) 8)) .(.(CONS .(.(DECC .(DIGIT 4)) 6)) .(.(CONS .(.(DECC .(DIGIT 4)) 8)) NIL))))))) = .(.(CONS .(.(DECC .(DIGIT 4)) 6)) NIL); .(C .(.(CONS .(DIGIT 4)) .(.(CONS .(.(DECC .(DIGIT 2)) 8)) .(.(CONS .(DIGIT 5)) .(.(CONS .(.(DECC .(DIGIT 2)) 6)) .(.(CONS .(.(DECC .(DIGIT 2)) 9)) .(.(CONS .(DIGIT 6)) .(.(CONS .(.(DECC .(DIGIT 9)) 4)) .(.(CONS .(DIGIT 3)) NIL))))))))) = .(.(CONS .(.(DECC .(DIGIT 2)) 9)) NIL); C = TAIL;"
"c085",4,4,10,5403.694501026,2746398,true,-13.23546346515633,-4.841452814810413,-18.076916279966746,".(C .(.(CONS .(DIGIT 1)) .(.(CONS .(DIGIT 4)) .(.(CONS .(DIGIT 4)) NIL)))) = .(.(CONS .(DIGIT 4)) NIL); .(C .(.(CONS .(DIGIT 2)) .(.(CONS .(.(DECC .(DIGIT 6)) 7)) .(.(CONS .(.(DECC .(DIGIT 5)) 2)) .(.(CONS .(.(DECC .(DIGIT 7)) 2)) .(.(CONS .(.(DECC .(DIGIT 9)) 3)) .(.(CONS .(DIGIT 9)) .(.(CONS .(.(DECC .(DIGIT 6)) 7)) .(.(CONS .(DIGIT 5)) .(.(CONS .(.(DECC .(DIGIT 6)) 8)) NIL)))))))))) = .(.(CONS .(.(DECC .(DIGIT 5)) 2)) NIL); .(C .(.(CONS .(DIGIT 3)) .(.(CONS .(.(DECC .(DIGIT 9)) 8)) .(.(CONS .(.(DECC .(DIGIT 9)) 4)) .(.(CONS .(.(DECC .(DIGIT 9)) 4)) .(.(CONS .(DIGIT 3)) NIL)))))) = .(.(CONS .(.(DECC .(DIGIT 9)) 4)) NIL); .(C .(.(CONS .(DIGIT 8)) .(.(CONS .(.(DECC .(DIGIT 6)) 3)) .(.(CONS .(.(DECC .(DIGIT 7)) 0)) .(.(CONS .(.(DECC .(DIGIT 2)) 5)) .(.(CONS .(DIGIT 0)) .(.(CONS .(DIGIT 2)) .(.(CONS .(.(DECC .(DIGIT 1)) 9)) .(.(CONS .(.(DECC .(DIGIT 3)) 4)) .(.(CONS .(.(DECC .(DIGIT 6)) 0)) NIL)))))))))) = .(.(CONS .(.(DECC .(DIGIT 6)) 0)) NIL); .(C .(.(CONS .(DIGIT 1)) .(.(CONS .(.(DECC .(DIGIT 7)) 6)) .(.(CONS .(DIGIT 9)) .(.(CONS .(.(DECC .(DIGIT 7)) 6)) NIL))))) = .(.(CONS .(.(DECC .(DIGIT 7)) 6)) NIL); .(C .(.(CONS .(DIGIT 2)) .(.(CONS .(.(DECC .(DIGIT 5)) 3)) .(.(CONS .(.(DECC .(DIGIT 3)) 8)) .(.(CONS .(.(DECC .(DIGIT 4)) 9)) .(.(CONS .(.(DECC .(DIGIT 7)) 8)) .(.(CONS .(.(DECC .(DIGIT 6)) 9)) .(.(CONS .(DIGIT 6)) .(.(CONS .(DIGIT 1)) .(.(CONS .(DIGIT 3)) .(.(CONS .(.(DECC .(DIGIT 1)) 1)) NIL))))))))))) = .(.(CONS .(.(DECC .(DIGIT 3)) 8)) NIL); .(C .(.(CONS .(DIGIT 4)) .(.(CONS .(.(DECC .(DIGIT 3)) 9)) .(.(CONS .(DIGIT 4)) .(.(CONS .(.(DECC .(DIGIT 4)) 8)) .(.(CONS .(.(DECC .(DIGIT 4)) 6)) .(.(CONS .(.(DECC .(DIGIT 4)) 8)) NIL))))))) = .(.(CONS .(.(DECC .(DIGIT 4)) 6)) NIL); .(C .(.(CONS .(DIGIT 4)) .(.(CONS .(.(DECC .(DIGIT 2)) 8)) .(.(CONS .(DIGIT 5)) .(.(CONS .(.(DECC .(DIGIT 2)) 6)) .(.(CONS .(.(DECC .(DIGIT 2)) 9)) .(.(CONS .(DIGIT 6)) .(.(CONS .(.(DECC .(DIGIT 9)) 4)) .(.(CONS .(DIGIT 3)) NIL))))))))) = .(.(CONS .(.(DECC .(DIGIT 2)) 9)) NIL); .(C .(.(CONS .(DIGIT 1)) .(.(CONS .(DIGIT 8)) .(.(CONS .(.(DECC .(DIGIT 2)) 7)) .(.(CONS .(.(DECC .(DIGIT 2)) 7)) .(.(CONS .(DIGIT 8)) .(.(CONS .(DIGIT 1)) .(.(CONS .(DIGIT 8)) NIL)))))))) = .(.(CONS .(DIGIT 8)) NIL); C = TAIL;"
"c085",4,4,11,6002.2491950779995,2804896,true,-13.23546346515633,-5.906083541497794,-19.141547006654125,".(C .(.(CONS .(DIGIT 1)) .(.(CONS .(DIGIT 4)) .(.(CONS .(DIGIT 4)) NIL)))) = .(.(CONS .(DIGIT 4)) NIL); .(C .(.(CONS .(DIGIT 2)) .(.(CONS .(.(DECC .(DIGIT 6)) 7)) .(.(CONS .(.(DECC .(DIGIT 5)) 2)) .(.(CONS .(.(DECC .(DIGIT 7)) 2)) .(.(CONS .(.(DECC .(DIGIT 9)) 3)) .(.(CONS .(DIGIT 9)) .(.(CONS .(.(DECC .(DIGIT 6)) 7)) .(.(CONS .(DIGIT 5)) .(.(CONS .(.(DECC .(DIGIT 6)) 8)) NIL)))))))))) = .(.(CONS .(.(DECC .(DIGIT 5)) 2)) NIL); .(C .(.(CONS .(DIGIT 3)) .(.(CONS .(.(DECC .(DIGIT 9)) 8)) .(.(CONS .(.(DECC .(DIGIT 9)) 4)) .(.(CONS .(.(DECC .(DIGIT 9)) 4)) .(.(CONS .(DIGIT 3)) NIL)))))) = .(.(CONS .(.(DECC .(DIGIT 9)) 4)) NIL); .(C .(.(CONS .(DIGIT 8)) .(.(CONS .(.(DECC .(DIGIT 6)) 3)) .(.(CONS .(.(DECC .(DIGIT 7)) 0)) .(.(CONS .(.(DECC .(DIGIT 2)) 5)) .(.(CONS .(DIGIT 0)) .(.(CONS .(DIGIT 2)) .(.(CONS .(.(DECC .(DIGIT 1)) 9)) .(.(CONS .(.(DECC .(DIGIT 3)) 4)) .(.(CONS .(.(DECC .(DIGIT 6)) 0)) NIL)))))))))) = .(.(CONS .(.(DECC .(DIGIT 6)) 0)) NIL); .(C .(.(CONS .(DIGIT 1)) .(.(CONS .(.(DECC .(DIGIT 7)) 6)) .(.(CONS .(DIGIT 9)) .(.(CONS .(.(DECC .(DIGIT 7)) 6)) NIL))))) = .(.(CONS .(.(DECC .(DIGIT 7)) 6)) NIL); .(C .(.(CONS .(DIGIT 2)) .(.(CONS .(.(DECC .(DIGIT 5)) 3)) .(.(CONS .(.(DECC .(DIGIT 3)) 8)) .(.(CONS .(.(DECC .(DIGIT 4)) 9)) .(.(CONS .(.(DECC .(DIGIT 7)) 8)) .(.(CONS .(.(DECC .(DIGIT 6)) 9)) .(.(CONS .(DIGIT 6)) .(.(CONS .(DIGIT 1)) .(.(CONS .(DIGIT 3)) .(.(CONS .(.(DECC .(DIGIT 1)) 1)) NIL))))))))))) = .(.(CONS .(.(DECC .(DIGIT 3)) 8)) NIL); .(C .(.(CONS .(DIGIT 4)) .(.(CONS .(.(DECC .(DIGIT 3)) 9)) .(.(CONS .(DIGIT 4)) .(.(CONS .(.(DECC .(DIGIT 4)) 8)) .(.(CONS .(.(DECC .(DIGIT 4)) 6)) .(.(CONS .(.(DECC .(DIGIT 4)) 8)) NIL))))))) = .(.(CONS .(.(DECC .(DIGIT 4)) 6)) NIL); .(C .(.(CONS .(DIGIT 4)) .(.(CONS .(.(DECC .(DIGIT 2)) 8)) .(.(CONS .(DIGIT 5)) .(.(CONS .(.(DECC .(DIGIT 2)) 6)) .(.(CONS .(.(DECC .(DIGIT 2)) 9)) .(.(CONS .(DIGIT 6)) .(.(CONS .(.(DECC .(DIGIT 9)) 4)) .(.(CONS .(DIGIT 3)) NIL))))))))) = .(.(CONS .(.(DECC .(DIGIT 2)) 9)) NIL); .(C .(.(CONS .(DIGIT 1)) .(.(CONS .(DIGIT 8)) .(.(CONS .(.(DECC .(DIGIT 2)) 7)) .(.(CONS .(.(DECC .(DIGIT 2)) 7)) .(.(CONS .(DIGIT 8)) .(.(CONS .(DIGIT 1)) .(.(CONS .(DIGIT 8)) NIL)))))))) = .(.(CONS .(DIGIT 8)) NIL); .(C .(.(CONS .(DIGIT 5)) .(.(CONS .(DIGIT 4)) .(.(CONS .(DIGIT 3)) .(.(CONS .(.(DECC .(DIGIT 8)) 0)) .(.(CONS .(.(DECC .(DIGIT 3)) 6)) .(.(CONS .(.(DECC .(DIGIT 6)) 6)) .(.(CONS .(.(DECC .(DIGIT 7)) 5)) NIL)))))))) = .(.(CONS .(.(DECC .(DIGIT 6)) 6)) NIL); C = TAIL;"
