problem,run,order,trial,time,count,lprior,llikelihood,lposterior,trs
"c043",0,3,1,0.000022055,1,-1.3862943611198906,-inf,-inf,""
"c043",0,3,1,0.031414435,51,-11.57488104387042,0,-11.57488104387042,"C = TAIL;"
"c043",0,3,2,601.1135107919999,984321,-1.6739764335716716,-inf,-inf,""
"c043",0,3,2,601.393484493,984326,-21.892352919737487,-42.90954630499723,-64.80189922473471,"+ = -; C = TAIL;"
"c043",0,3,2,601.394971505,984328,-11.994216541812005,-42.90954630499723,-54.90376284680923,"C = TAIL;"
"c043",0,3,2,601.405550084,984343,-11.897733726484866,-42.90954630499723,-54.807280031482094,"C = TAIL;"
"c043",0,3,2,601.434209256,984375,-18.64269578188589,-30.068693650148973,-48.71138943203486,"C = .(.(IF TRUE) NIL);"
"c043",0,3,2,602.2790596789999,985287,-18.642695781859658,-30.068693650148973,-48.71138943200863,"C = .(.(IF TRUE) NIL);"
"c043",0,3,2,602.952095667,985972,-18.64052697035604,-30.068693650148973,-48.70922062050501,"C = .(.(IF TRUE) NIL);"
"c043",0,3,2,631.804865569,999110,-18.640465073375744,-30.068693650148973,-48.709158723524716,"C = .(.(IF TRUE) NIL);"
"c043",0,3,3,1200.759514081,1227334,-1.6739764335716716,-inf,-inf,""
"c043",0,3,3,1200.961627702,1227354,-57.425572773510574,-0.37823300764629497,-57.80380578115687,".(C v0_) = .(.(CONS .(DIGIT 8)) .(.(CONS .(DIGIT 2)) .(.(CONS .(DIGIT 7)) .(.(CONS .(DIGIT 0)) .(.(CONS .(DIGIT 3)) NIL)))));"
"c043",0,3,3,1203.934988426,1228358,-56.02157883529128,-0.37823300764629497,-56.399811842937574,".(C v0_) = .(.(CONS .(DIGIT 8)) .(.(CONS .(DIGIT 2)) .(.(CONS .(DIGIT 7)) .(.(CONS .(DIGIT 0)) .(.(CONS .(DIGIT 3)) NIL)))));"
"c043",0,3,3,1204.00370978,1228374,-53.382521505676024,-0.37823300764629497,-53.76075451332232,".(C v0_) = .(.(CONS .(DIGIT 8)) .(.(CONS .(DIGIT 2)) .(.(CONS .(DIGIT 7)) .(.(CONS .(DIGIT 0)) .(.(CONS .(DIGIT 3)) NIL)))));"
"c043",0,3,4,1800.50378776,1379913,-1.6739764335716716,-inf,-inf,""
"c043",0,3,4,1800.61972207,1379915,-53.787986613784184,-0.7253902849561819,-54.51337689874037,".(C v0_) = .(.(CONS .(DIGIT 8)) .(.(CONS .(DIGIT 2)) .(.(CONS .(DIGIT 7)) .(.(CONS .(DIGIT 0)) .(.(CONS .(DIGIT 3)) NIL)))));"
"c043",0,3,4,1807.749655825,1381545,-53.382521505676024,-0.7253902849561819,-54.10791179063221,".(C v0_) = .(.(CONS .(DIGIT 8)) .(.(CONS .(DIGIT 2)) .(.(CONS .(DIGIT 7)) .(.(CONS .(DIGIT 0)) .(.(CONS .(DIGIT 3)) NIL)))));"
"c043",0,3,5,2400.445305982,1532317,-1.6739764335716716,-inf,-inf,""
"c043",0,3,5,2400.6351365379996,1532319,-53.787986613784184,-1.1779080779238948,-54.96589469170808,".(C v0_) = .(.(CONS .(DIGIT 8)) .(.(CONS .(DIGIT 2)) .(.(CONS .(DIGIT 7)) .(.(CONS .(DIGIT 0)) .(.(CONS .(DIGIT 3)) NIL)))));"
"c043",0,3,5,2405.124506784,1533307,-53.382521505676024,-1.1779080779238948,-54.56042958359992,".(C v0_) = .(.(CONS .(DIGIT 8)) .(.(CONS .(DIGIT 2)) .(.(CONS .(DIGIT 7)) .(.(CONS .(DIGIT 0)) .(.(CONS .(DIGIT 3)) NIL)))));"
"c043",0,3,6,3000.477198197,1645887,-1.6739764335716716,-inf,-inf,""
"c043",0,3,6,3000.6448891269997,1645889,-53.787986613784184,-1.7357863865494343,-55.52377300033362,".(C v0_) = .(.(CONS .(DIGIT 8)) .(.(CONS .(DIGIT 2)) .(.(CONS .(DIGIT 7)) .(.(CONS .(DIGIT 0)) .(.(CONS .(DIGIT 3)) NIL)))));"
"c043",0,3,6,3006.9490146149997,1646936,-53.382521505676024,-1.7357863865494343,-55.11830789222546,".(C v0_) = .(.(CONS .(DIGIT 8)) .(.(CONS .(DIGIT 2)) .(.(CONS .(DIGIT 7)) .(.(CONS .(DIGIT 0)) .(.(CONS .(DIGIT 3)) NIL)))));"
"c043",0,3,7,3600.5925025539996,1731807,-1.6739764335716716,-inf,-inf,""
"c043",0,3,7,3600.69550064,1731809,-63.45023223167412,-2.3990252108328,-65.84925744250693,".(C .(.(CONS .(DIGIT v0_)) v1_)) = .(.(CONS .(DIGIT 8)) .(.(CONS .(DIGIT 2)) .(.(CONS .(DIGIT 7)) .(.(CONS .(DIGIT 0)) .(.(CONS .(DIGIT 3)) NIL)))));"
"c043",0,3,7,3600.8985323499996,1731825,-53.787986613784184,-2.3990252108328,-56.18701182461699,".(C v0_) = .(.(CONS .(DIGIT 8)) .(.(CONS .(DIGIT 2)) .(.(CONS .(DIGIT 7)) .(.(CONS .(DIGIT 0)) .(.(CONS .(DIGIT 3)) NIL)))));"
"c043",0,3,7,3607.990466293,1732647,-53.382521505676024,-2.3990252108328,-55.78154671650883,".(C v0_) = .(.(CONS .(DIGIT 8)) .(.(CONS .(DIGIT 2)) .(.(CONS .(DIGIT 7)) .(.(CONS .(DIGIT 0)) .(.(CONS .(DIGIT 3)) NIL)))));"
"c043",0,3,8,4200.696034086999,1797932,-1.6739764335716716,-inf,-inf,""
"c043",0,3,8,4200.713047591999,1797934,-63.45023223167412,-3.1676245507739917,-66.61785678244811,".(C .(.(CONS .(DIGIT v0_)) v1_)) = .(.(CONS .(DIGIT 8)) .(.(CONS .(DIGIT 2)) .(.(CONS .(DIGIT 7)) .(.(CONS .(DIGIT 0)) .(.(CONS .(DIGIT 3)) NIL)))));"
"c043",0,3,8,4202.606426062,1798122,-60.329016612974094,-3.1676245507739917,-63.49664116374809,".(C v0_) = .(.(CONS .(DIGIT 8)) .(.(CONS .(DIGIT 2)) .(.(CONS .(DIGIT 7)) .(.(CONS .(DIGIT 0)) .(.(CONS .(DIGIT 3)) NIL)))));"
"c043",0,3,8,4208.065240943999,1798637,-56.96604044413213,-3.1676245507739917,-60.13366499490613,".(C v0_) = .(.(CONS .(DIGIT 8)) .(.(CONS .(DIGIT 2)) .(.(CONS .(DIGIT 7)) .(.(CONS .(DIGIT 0)) .(.(CONS .(DIGIT 3)) NIL)))));"
"c043",0,3,8,4244.991220528999,1802344,-55.68510659867007,-3.1676245507739917,-58.85273114944406,".(C v0_) = .(.(CONS .(DIGIT 8)) .(.(CONS .(DIGIT 2)) .(.(CONS .(DIGIT 7)) .(.(CONS .(DIGIT 0)) .(.(CONS .(DIGIT 3)) NIL)))));"
"c043",0,3,9,4800.548899876999,1855801,-1.6739764335716716,-inf,-inf,""
"c043",0,3,9,4800.799012027999,1855810,-63.45023223167412,-4.04158440637301,-67.49181663804713,".(C .(.(CONS .(DIGIT v0_)) v1_)) = .(.(CONS .(DIGIT 8)) .(.(CONS .(DIGIT 2)) .(.(CONS .(DIGIT 7)) .(.(CONS .(DIGIT 0)) .(.(CONS .(DIGIT 3)) NIL)))));"
"c043",0,3,9,4811.824034496999,1856735,-60.99139213486728,-4.04158440637301,-65.03297654124029,".(C v0_) = .(.(CONS .(DIGIT 8)) .(.(CONS .(DIGIT 2)) .(.(CONS .(DIGIT 7)) .(.(CONS .(DIGIT 0)) .(.(CONS .(DIGIT 3)) NIL)))));"
"c043",0,3,9,4813.280135242999,1856838,-59.268625537126184,-4.04158440637301,-63.310209943499196,".(C v0_) = .(.(CONS .(DIGIT 8)) .(.(CONS .(DIGIT 2)) .(.(CONS .(DIGIT 7)) .(.(CONS .(DIGIT 0)) .(.(CONS .(DIGIT 3)) NIL)))));"
"c043",0,3,9,4814.298795319999,1856933,-56.96604044413213,-4.04158440637301,-61.007624850505145,".(C v0_) = .(.(CONS .(DIGIT 8)) .(.(CONS .(DIGIT 2)) .(.(CONS .(DIGIT 7)) .(.(CONS .(DIGIT 0)) .(.(CONS .(DIGIT 3)) NIL)))));"
"c043",0,3,10,5400.646674036999,1906853,-1.6739764335716716,-inf,-inf,""
"c043",0,3,10,5400.9251590819995,1906861,-63.45023223167412,-5.0209047776298545,-68.47113700930397,".(C .(.(CONS .(DIGIT v0_)) v1_)) = .(.(CONS .(DIGIT 8)) .(.(CONS .(DIGIT 2)) .(.(CONS .(DIGIT 7)) .(.(CONS .(DIGIT 0)) .(.(CONS .(DIGIT 3)) NIL)))));"
"c043",0,3,10,5411.045357845999,1907640,-63.044767123565954,-5.0209047776298545,-68.06567190119581,".(C .(.(CONS .(DIGIT v0_)) v1_)) = .(.(CONS .(DIGIT 8)) .(.(CONS .(DIGIT 2)) .(.(CONS .(DIGIT 7)) .(.(CONS .(DIGIT 0)) .(.(CONS .(DIGIT 3)) NIL)))));"
"c043",0,3,10,5412.280736065999,1907723,-61.10917517052366,-5.0209047776298545,-66.13007994815352,".(C v0_) = .(.(CONS .(DIGIT 8)) .(.(CONS .(DIGIT 2)) .(.(CONS .(DIGIT 7)) .(.(CONS .(DIGIT 0)) .(.(CONS .(DIGIT 3)) NIL)))));"
"c043",0,3,10,5414.342325072999,1907887,-56.96604044413213,-5.0209047776298545,-61.986945221761985,".(C v0_) = .(.(CONS .(DIGIT 8)) .(.(CONS .(DIGIT 2)) .(.(CONS .(DIGIT 7)) .(.(CONS .(DIGIT 0)) .(.(CONS .(DIGIT 3)) NIL)))));"
"c043",0,3,11,6000.727294953999,1950662,-1.6739764335716716,-inf,-inf,""
"c043",0,3,11,6000.869495450999,1950664,-63.45023223167412,-6.105585664544526,-69.55581789621864,".(C .(.(CONS .(DIGIT v0_)) v1_)) = .(.(CONS .(DIGIT 8)) .(.(CONS .(DIGIT 2)) .(.(CONS .(DIGIT 7)) .(.(CONS .(DIGIT 0)) .(.(CONS .(DIGIT 3)) NIL)))));"
"c043",0,3,11,6011.633104510999,1951373,-63.044767123565954,-6.105585664544526,-69.15035278811048,".(C .(.(CONS .(DIGIT v0_)) v1_)) = .(.(CONS .(DIGIT 8)) .(.(CONS .(DIGIT 2)) .(.(CONS .(DIGIT 7)) .(.(CONS .(DIGIT 0)) .(.(CONS .(DIGIT 3)) NIL)))));"
"c043",0,3,11,6012.260773794999,1951418,-56.96604044413213,-6.105585664544526,-63.07162610867666,".(C v0_) = .(.(CONS .(DIGIT 8)) .(.(CONS .(DIGIT 2)) .(.(CONS .(DIGIT 7)) .(.(CONS .(DIGIT 0)) .(.(CONS .(DIGIT 3)) NIL)))));"
"c043",1,3,1,0.000031427,1,-1.3862943611198906,-inf,-inf,""
"c043",1,3,1,0.062254294,164,-11.977006804722624,0,-11.977006804722624,"C = TAIL;"
"c043",1,3,1,0.070706018,184,-11.951725668966958,0,-11.951725668966958,"C = TAIL;"
"c043",1,3,2,601.477602551,1074754,-1.6739764335716716,-inf,-inf,""
"c043",1,3,2,601.717816092,1074759,-20.953378310893065,-42.90954630499723,-63.86292461589029,"NAN = NAN; C = TAIL;"
"c043",1,3,2,601.731756966,1074771,-11.994223100680728,-42.90954630499723,-54.903769405677956,"C = TAIL;"
"c043",1,3,2,601.736939419,1074776,-18.64269578185707,-30.068693650148973,-48.711389432006044,"C = .(.(IF TRUE) NIL);"
"c043",1,3,2,601.8566403350001,1074914,-18.642695780724935,-30.068693650148973,-48.71138943087391,"C = .(.(IF TRUE) NIL);"
"c043",1,3,2,602.245339785,1075364,-18.642695779934236,-30.068693650148973,-48.71138943008321,"C = .(.(IF TRUE) NIL);"
"c043",1,3,2,602.4134594860001,1075556,-18.642695774044334,-30.068693650148973,-48.71138942419331,"C = .(.(IF TRUE) NIL);"
"c043",1,3,2,602.7272634870001,1075908,-18.642695641303707,-30.068693650148973,-48.711389291452676,"C = .(.(IF TRUE) NIL);"
"c043",1,3,2,602.840904548,1076046,-18.64268819042922,-30.068693650148973,-48.71138184057819,"C = .(.(IF TRUE) NIL);"
"c043",1,3,2,645.745999869,1094753,-18.640465073375744,-30.068693650148973,-48.709158723524716,"C = .(.(IF TRUE) NIL);"
"c043",1,3,3,1200.651894734,1309673,-1.6739764335716716,-inf,-inf,""
"c043",1,3,3,1200.924430263,1309677,-57.425572773510574,-0.37823300764629497,-57.80380578115687,".(C v0_) = .(.(CONS .(DIGIT 8)) .(.(CONS .(DIGIT 2)) .(.(CONS .(DIGIT 7)) .(.(CONS .(DIGIT 0)) .(.(CONS .(DIGIT 3)) NIL)))));"
"c043",1,3,3,1204.2999091679999,1310667,-53.382521505676024,-0.37823300764629497,-53.76075451332232,".(C v0_) = .(.(CONS .(DIGIT 8)) .(.(CONS .(DIGIT 2)) .(.(CONS .(DIGIT 7)) .(.(CONS .(DIGIT 0)) .(.(CONS .(DIGIT 3)) NIL)))));"
"c043",1,3,4,1800.588226398,1469941,-1.6739764335716716,-inf,-inf,""
"c043",1,3,4,1800.603631162,1469945,-66.74606909767844,-0.7253902849561819,-67.47145938263462,".(C .(.(CONS .(DIGIT v0_)) v1_)) = .(.(CONS .(DIGIT 8)) .(.(CONS .(DIGIT 2)) .(.(CONS .(DIGIT 7)) .(.(CONS .(DIGIT 0)) .(.(CONS .(DIGIT 3)) NIL)))));"
"c043",1,3,4,1800.615918373,1469950,-53.787986613784184,-0.7253902849561819,-54.51337689874037,".(C v0_) = .(.(CONS .(DIGIT 8)) .(.(CONS .(DIGIT 2)) .(.(CONS .(DIGIT 7)) .(.(CONS .(DIGIT 0)) .(.(CONS .(DIGIT 3)) NIL)))));"
"c043",1,3,4,1807.422093842,1471676,-53.382521505676024,-0.7253902849561819,-54.10791179063221,".(C v0_) = .(.(CONS .(DIGIT 8)) .(.(CONS .(DIGIT 2)) .(.(CONS .(DIGIT 7)) .(.(CONS .(DIGIT 0)) .(.(CONS .(DIGIT 3)) NIL)))));"
"c043",1,3,5,2400.456157409,1623449,-1.6739764335716716,-inf,-inf,""
"c043",1,3,5,2400.651894731,1623451,-53.787986613784184,-1.1779080779238948,-54.96589469170808,".(C v0_) = .(.(CONS .(DIGIT 8)) .(.(CONS .(DIGIT 2)) .(.(CONS .(DIGIT 7)) .(.(CONS .(DIGIT 0)) .(.(CONS .(DIGIT 3)) NIL)))));"
"c043",1,3,5,2405.277288553,1624388,-53.382521505676024,-1.1779080779238948,-54.56042958359992,".(C v0_) = .(.(CONS .(DIGIT 8)) .(.(CONS .(DIGIT 2)) .(.(CONS .(DIGIT 7)) .(.(CONS .(DIGIT 0)) .(.(CONS .(DIGIT 3)) NIL)))));"
"c043",1,3,6,3000.478624786,1735599,-1.6739764335716716,-inf,-inf,""
"c043",1,3,6,3000.6313246840004,1735601,-63.45023223167412,-1.7357863865494343,-65.18601861822356,".(C .(.(CONS .(DIGIT v0_)) v1_)) = .(.(CONS .(DIGIT 8)) .(.(CONS .(DIGIT 2)) .(.(CONS .(DIGIT 7)) .(.(CONS .(DIGIT 0)) .(.(CONS .(DIGIT 3)) NIL)))));"
"c043",1,3,6,3000.9529161160003,1735637,-53.787986613784184,-1.7357863865494343,-55.52377300033362,".(C v0_) = .(.(CONS .(DIGIT 8)) .(.(CONS .(DIGIT 2)) .(.(CONS .(DIGIT 7)) .(.(CONS .(DIGIT 0)) .(.(CONS .(DIGIT 3)) NIL)))));"
"c043",1,3,6,3007.4939902660003,1736687,-53.382521505676024,-1.7357863865494343,-55.11830789222546,".(C v0_) = .(.(CONS .(DIGIT 8)) .(.(CONS .(DIGIT 2)) .(.(CONS .(DIGIT 7)) .(.(CONS .(DIGIT 0)) .(.(CONS .(DIGIT 3)) NIL)))));"
"c043",1,3,7,3600.527194409,1820943,-1.6739764335716716,-inf,-inf,""
"c043",1,3,7,3600.6838169350003,1820945,-53.787986613784184,-2.3990252108328,-56.18701182461699,".(C v0_) = .(.(CONS .(DIGIT 8)) .(.(CONS .(DIGIT 2)) .(.(CONS .(DIGIT 7)) .(.(CONS .(DIGIT 0)) .(.(CONS .(DIGIT 3)) NIL)))));"
"c043",1,3,7,3608.3075553390004,1821865,-53.382521505676024,-2.3990252108328,-55.78154671650883,".(C v0_) = .(.(CONS .(DIGIT 8)) .(.(CONS .(DIGIT 2)) .(.(CONS .(DIGIT 7)) .(.(CONS .(DIGIT 0)) .(.(CONS .(DIGIT 3)) NIL)))));"
"c043",1,3,8,4200.616021031,1886279,-1.6739764335716716,-inf,-inf,""
"c043",1,3,8,4200.788034747,1886287,-1353.1027327506204,-3.1676245507739917,-1356.2703573013944,".(op26 .(.(CONS .(DIGIT 7)) .(.(CONS .(DIGIT 0)) .(.(CONS .(DIGIT 3)) NIL)))) = .(.(CONS .(DIGIT 8)) .(.(CONS .(DIGIT 2)) .(.(CONS .(DIGIT 7)) .(.(CONS .(DIGIT 0)) .(.(CONS .(DIGIT 3)) NIL))))); .(op27 .(.(CONS .(DIGIT 8)) .(.(CONS .(DIGIT 7)) .(.(CONS .(DIGIT 8)) .(.(CONS .(DIGIT 8)) .(.(CONS .(DIGIT 4)) .(.(CONS .(DIGIT 7)) NIL))))))) = .(.(CONS .(DIGIT 7)) .(.(CONS .(DIGIT 0)) .(.(CONS .(DIGIT 3)) NIL))); .(op27 .(.(CONS .(DIGIT 9)) .(.(CONS .(DIGIT 3)) .(.(CONS .(DIGIT 7)) .(.(CONS .(DIGIT 8)) .(.(CONS .(DIGIT 2)) .(.(CONS .(DIGIT 1)) .(.(CONS .(DIGIT 9)) .(.(CONS .(DIGIT 0)) NIL))))))))) = .(.(CONS .(DIGIT 7)) .(.(CONS .(DIGIT 0)) .(.(CONS .(DIGIT 3)) NIL))); .(op27 .(.(CONS .(DIGIT 0)) NIL)) = .(.(CONS .(DIGIT 7)) .(.(CONS .(DIGIT 0)) .(.(CONS .(DIGIT 3)) NIL))); .(op27 v0_) = .(.(CONS .(DIGIT 7)) .(.(CONS .(DIGIT 0)) .(.(CONS .(DIGIT 3)) NIL))); .(op27 .(.(CONS .(DIGIT 1)) .(.(CONS .(DIGIT 1)) .(.(CONS .(DIGIT 1)) .(.(CONS .(DIGIT 1)) .(.(CONS .(DIGIT 1)) .(.(CONS .(DIGIT 1)) .(.(CONS .(DIGIT 1)) .(.(CONS .(DIGIT 1)) .(.(CONS .(DIGIT 1)) .(.(CONS .(DIGIT 1)) NIL))))))))))) = .(.(CONS .(DIGIT 7)) .(.(CONS .(DIGIT 0)) .(.(CONS .(DIGIT 3)) NIL))); .(C v0_) = .(op26 .(op27 v0_)); .(C .(.(CONS .(DIGIT 8)) .(.(CONS .(DIGIT 7)) .(.(CONS .(DIGIT 8)) .(.(CONS .(DIGIT 8)) .(.(CONS .(DIGIT 4)) .(.(CONS .(DIGIT 7)) NIL))))))) = .(.(CONS .(DIGIT 8)) .(.(CONS .(DIGIT 2)) .(.(CONS .(DIGIT 7)) .(.(CONS .(DIGIT 0)) .(.(CONS .(DIGIT 3)) NIL))))); .(C .(.(CONS .(DIGIT 9)) .(.(CONS .(DIGIT 3)) .(.(CONS .(DIGIT 7)) .(.(CONS .(DIGIT 8)) .(.(CONS .(DIGIT 2)) .(.(CONS .(DIGIT 1)) .(.(CONS .(DIGIT 9)) .(.(CONS .(DIGIT 0)) NIL))))))))) = .(.(CONS .(DIGIT 8)) .(.(CONS .(DIGIT 2)) .(.(CONS .(DIGIT 7)) .(.(CONS .(DIGIT 0)) .(.(CONS .(DIGIT 3)) NIL))))); .(C .(.(CONS .(DIGIT 0)) NIL)) = .(.(CONS .(DIGIT 8)) .(.(CONS .(DIGIT 2)) .(.(CONS .(DIGIT 7)) .(.(CONS .(DIGIT 0)) .(.(CONS .(DIGIT 3)) NIL))))); .(C .(.(CONS .(DIGIT 4)) .(.(CONS .(DIGIT 1)) .(.(CONS .(DIGIT 6)) .(.(CONS .(DIGIT 4)) .(.(CONS .(DIGIT 6)) .(.(CONS .(DIGIT 1)) .(.(CONS .(DIGIT 6)) .(.(CONS .(DIGIT 3)) .(.(CONS .(DIGIT 4)) NIL)))))))))) = .(.(CONS .(DIGIT 8)) .(.(CONS .(DIGIT 2)) .(.(CONS .(DIGIT 7)) .(.(CONS .(DIGIT 0)) .(.(CONS .(DIGIT 3)) NIL))))); .(C .(.(CONS .(DIGIT 5)) .(.(CONS .(DIGIT 5)) .(.(CONS .(DIGIT 5)) .(.(CONS .(DIGIT 6)) .(.(CONS .(DIGIT 6)) .(.(CONS .(DIGIT 5)) .(.(CONS .(DIGIT 6)) .(.(CONS .(DIGIT 5)) .(.(CONS .(DIGIT 6)) .(.(CONS .(DIGIT 6)) NIL))))))))))) = .(.(CONS .(DIGIT 8)) .(.(CONS .(DIGIT 2)) .(.(CONS .(DIGIT 7)) .(.(CONS .(DIGIT 0)) .(.(CONS .(DIGIT 3)) NIL))))); .(C .(.(CONS .(DIGIT 1)) .(.(CONS .(DIGIT 1)) .(.(CONS .(DIGIT 1)) .(.(CONS .(DIGIT 1)) .(.(CONS .(DIGIT 1)) .(.(CONS .(DIGIT 1)) .(.(CONS .(DIGIT 1)) .(.(CONS .(DIGIT 1)) .(.(CONS .(DIGIT 1)) .(.(CONS .(DIGIT 1)) NIL))))))))))) = .(.(CONS .(DIGIT 8)) .(.(CONS .(DIGIT 2)) .(.(CONS .(DIGIT 7)) .(.(CONS .(DIGIT 0)) .(.(CONS .(DIGIT 3)) NIL))))); .(C .(.(CONS .(DIGIT 4)) .(.(CONS .(DIGIT 4)) .(.(CONS .(DIGIT 6)) .(.(CONS .(DIGIT 4)) .(.(CONS .(DIGIT 6)) .(.(CONS .(DIGIT 6)) .(.(CONS .(DIGIT 6)) .(.(CONS .(DIGIT 4)) .(.(CONS .(DIGIT 6)) NIL)))))))))) = .(.(CONS .(DIGIT 8)) .(.(CONS .(DIGIT 2)) .(.(CONS .(DIGIT 7)) .(.(CONS .(DIGIT 0)) .(.(CONS .(DIGIT 3)) NIL)))));"
"c043",1,3,8,4201.124478922,1886306,-63.45023223167412,-3.1676245507739917,-66.61785678244811,".(C .(.(CONS .(DIGIT v0_)) v1_)) = .(.(CONS .(DIGIT 8)) .(.(CONS .(DIGIT 2)) .(.(CONS .(DIGIT 7)) .(.(CONS .(DIGIT 0)) .(.(CONS .(DIGIT 3)) NIL)))));"
"c043",1,3,8,4203.204169379,1886514,-59.97419523768468,-3.1676245507739917,-63.141819788458676,".(C v0_) = .(.(CONS .(DIGIT 8)) .(.(CONS .(DIGIT 2)) .(.(CONS .(DIGIT 7)) .(.(CONS .(DIGIT 0)) .(.(CONS .(DIGIT 3)) NIL)))));"
"c043",1,3,8,4211.840873008,1887227,-56.96604044413213,-3.1676245507739917,-60.13366499490613,".(C v0_) = .(.(CONS .(DIGIT 8)) .(.(CONS .(DIGIT 2)) .(.(CONS .(DIGIT 7)) .(.(CONS .(DIGIT 0)) .(.(CONS .(DIGIT 3)) NIL)))));"
"c043",1,3,8,4246.075284471,1890700,-55.68510659867007,-3.1676245507739917,-58.85273114944406,".(C v0_) = .(.(CONS .(DIGIT 8)) .(.(CONS .(DIGIT 2)) .(.(CONS .(DIGIT 7)) .(.(CONS .(DIGIT 0)) .(.(CONS .(DIGIT 3)) NIL)))));"
"c043",1,3,9,4800.536448805,1944150,-1.6739764335716716,-inf,-inf,""
"c043",1,3,9,4800.682809052,1944152,-63.45023223167412,-4.04158440637301,-67.49181663804713,".(C .(.(CONS .(DIGIT v0_)) v1_)) = .(.(CONS .(DIGIT 8)) .(.(CONS .(DIGIT 2)) .(.(CONS .(DIGIT 7)) .(.(CONS .(DIGIT 0)) .(.(CONS .(DIGIT 3)) NIL)))));"
"c043",1,3,9,4800.907235426,1944169,-57.77697066034846,-4.04158440637301,-61.81855506672147,".(C v0_) = .(.(CONS .(DIGIT 8)) .(.(CONS .(DIGIT 2)) .(.(CONS .(DIGIT 7)) .(.(CONS .(DIGIT 0)) .(.(CONS .(DIGIT 3)) NIL)))));"
"c043",1,3,9,4818.886615207,1945703,-56.96604044413213,-4.04158440637301,-61.007624850505145,".(C v0_) = .(.(CONS .(DIGIT 8)) .(.(CONS .(DIGIT 2)) .(.(CONS .(DIGIT 7)) .(.(CONS .(DIGIT 0)) .(.(CONS .(DIGIT 3)) NIL)))));"
"c043",1,3,10,5400.638244403,1994548,-1.6739764335716716,-inf,-inf,""
"c043",1,3,10,5400.793303137,1994550,-63.45023223167412,-5.0209047776298545,-68.47113700930397,".(C .(.(CONS .(DIGIT v0_)) v1_)) = .(.(CONS .(DIGIT 8)) .(.(CONS .(DIGIT 2)) .(.(CONS .(DIGIT 7)) .(.(CONS .(DIGIT 0)) .(.(CONS .(DIGIT 3)) NIL)))));"
"c043",1,3,10,5400.957088593,1994577,-57.77697066034846,-5.0209047776298545,-62.79787543797831,".(C v0_) = .(.(CONS .(DIGIT 8)) .(.(CONS .(DIGIT 2)) .(.(CONS .(DIGIT 7)) .(.(CONS .(DIGIT 0)) .(.(CONS .(DIGIT 3)) NIL)))));"
"c043",1,3,10,5415.937651002,1995717,-56.96604044413213,-5.0209047776298545,-61.986945221761985,".(C v0_) = .(.(CONS .(DIGIT 8)) .(.(CONS .(DIGIT 2)) .(.(CONS .(DIGIT 7)) .(.(CONS .(DIGIT 0)) .(.(CONS .(DIGIT 3)) NIL)))));"
"c043",1,3,11,6000.6835634829995,2037821,-1.6739764335716716,-inf,-inf,""
"c043",1,3,11,6000.998489499,2037834,-63.45023223167412,-6.105585664544526,-69.55581789621864,".(C .(.(CONS .(DIGIT v0_)) v1_)) = .(.(CONS .(DIGIT 8)) .(.(CONS .(DIGIT 2)) .(.(CONS .(DIGIT 7)) .(.(CONS .(DIGIT 0)) .(.(CONS .(DIGIT 3)) NIL)))));"
"c043",1,3,11,6002.879856941,2037965,-57.77697066034846,-6.105585664544526,-63.88255632489299,".(C v0_) = .(.(CONS .(DIGIT 8)) .(.(CONS .(DIGIT 2)) .(.(CONS .(DIGIT 7)) .(.(CONS .(DIGIT 0)) .(.(CONS .(DIGIT 3)) NIL)))));"
"c043",1,3,11,6021.74009958,2039258,-56.96604044413213,-6.105585664544526,-63.07162610867666,".(C v0_) = .(.(CONS .(DIGIT 8)) .(.(CONS .(DIGIT 2)) .(.(CONS .(DIGIT 7)) .(.(CONS .(DIGIT 0)) .(.(CONS .(DIGIT 3)) NIL)))));"
"c043",2,3,1,0.000033692,1,-1.3862943611198906,-inf,-inf,""
"c043",2,3,1,0.005902678,19,-11.57488104387042,0,-11.57488104387042,"C = TAIL;"
"c043",2,3,2,601.679428103,1140830,-1.6739764335716716,-inf,-inf,""
"c043",2,3,2,601.684433193,1140836,-21.892352919737487,-42.90954630499723,-64.80189922473471,"TRUE = FALSE; C = TAIL;"
"c043",2,3,2,601.693827081,1140845,-11.99422308841229,-42.90954630499723,-54.90376939340952,"C = TAIL;"
"c043",2,3,2,601.73350196,1140897,-21.381701577532603,-30.068693650148973,-51.450395227681575,"C = .(.(IF .(EMPTY NIL)) NIL);"
"c043",2,3,2,602.1381715399999,1141440,-18.642695780946664,-30.068693650148973,-48.71138943109564,"C = .(.(IF TRUE) NIL);"
"c043",2,3,2,602.5875915849999,1142062,-18.642695779301466,-30.068693650148973,-48.711389429450435,"C = .(.(IF TRUE) NIL);"
"c043",2,3,2,603.0015229879999,1142606,-18.64052697035604,-30.068693650148973,-48.70922062050501,"C = .(.(IF TRUE) NIL);"
"c043",2,3,3,1200.803191305,1412874,-1.6739764335716716,-inf,-inf,""
"c043",2,3,3,1201.111309036,1412907,-57.425572773510574,-0.37823300764629497,-57.80380578115687,".(C v0_) = .(.(CONS .(DIGIT 8)) .(.(CONS .(DIGIT 2)) .(.(CONS .(DIGIT 7)) .(.(CONS .(DIGIT 0)) .(.(CONS .(DIGIT 3)) NIL)))));"
"c043",2,3,3,1203.803403103,1413893,-53.382521505676024,-0.37823300764629497,-53.76075451332232,".(C v0_) = .(.(CONS .(DIGIT 8)) .(.(CONS .(DIGIT 2)) .(.(CONS .(DIGIT 7)) .(.(CONS .(DIGIT 0)) .(.(CONS .(DIGIT 3)) NIL)))));"
"c043",2,3,4,1800.551610172,1591314,-1.6739764335716716,-inf,-inf,""
"c043",2,3,4,1800.68348915,1591316,-53.787986613784184,-0.7253902849561819,-54.51337689874037,".(C v0_) = .(.(CONS .(DIGIT 8)) .(.(CONS .(DIGIT 2)) .(.(CONS .(DIGIT 7)) .(.(CONS .(DIGIT 0)) .(.(CONS .(DIGIT 3)) NIL)))));"
"c043",2,3,4,1806.394445031,1592894,-53.382521505676024,-0.7253902849561819,-54.10791179063221,".(C v0_) = .(.(CONS .(DIGIT 8)) .(.(CONS .(DIGIT 2)) .(.(CONS .(DIGIT 7)) .(.(CONS .(DIGIT 0)) .(.(CONS .(DIGIT 3)) NIL)))));"
"c043",2,3,5,2400.469795411,1744535,-1.6739764335716716,-inf,-inf,""
"c043",2,3,5,2400.678566819,1744537,-53.787986613784184,-1.1779080779238948,-54.96589469170808,".(C v0_) = .(.(CONS .(DIGIT 8)) .(.(CONS .(DIGIT 2)) .(.(CONS .(DIGIT 7)) .(.(CONS .(DIGIT 0)) .(.(CONS .(DIGIT 3)) NIL)))));"
"c043",2,3,5,2406.037502864,1745623,-53.382521505676024,-1.1779080779238948,-54.56042958359992,".(C v0_) = .(.(CONS .(DIGIT 8)) .(.(CONS .(DIGIT 2)) .(.(CONS .(DIGIT 7)) .(.(CONS .(DIGIT 0)) .(.(CONS .(DIGIT 3)) NIL)))));"
"c043",2,3,6,3000.587798295,1856671,-1.6739764335716716,-inf,-inf,""
"c043",2,3,6,3000.699482815,1856673,-63.45023223167412,-1.7357863865494343,-65.18601861822356,".(C .(.(CONS .(DIGIT v0_)) v1_)) = .(.(CONS .(DIGIT 8)) .(.(CONS .(DIGIT 2)) .(.(CONS .(DIGIT 7)) .(.(CONS .(DIGIT 0)) .(.(CONS .(DIGIT 3)) NIL)))));"
"c043",2,3,6,3000.722750103,1856677,-62.576884923129064,-1.7357863865494343,-64.31267130967849,".(C v0_) = .(.(CONS .(DIGIT 8)) .(.(CONS .(DIGIT 2)) .(.(CONS .(DIGIT 7)) .(.(CONS .(DIGIT 0)) .(.(CONS .(DIGIT 3)) NIL)))));"
"c043",2,3,6,3000.773735022,1856693,-58.18243576845663,-1.7357863865494343,-59.91822215500606,".(C v0_) = .(.(CONS .(DIGIT 8)) .(.(CONS .(DIGIT 2)) .(.(CONS .(DIGIT 7)) .(.(CONS .(DIGIT 0)) .(.(CONS .(DIGIT 3)) NIL)))));"
"c043",2,3,6,3000.924465903,1856730,-53.787986613784184,-1.7357863865494343,-55.52377300033362,".(C v0_) = .(.(CONS .(DIGIT 8)) .(.(CONS .(DIGIT 2)) .(.(CONS .(DIGIT 7)) .(.(CONS .(DIGIT 0)) .(.(CONS .(DIGIT 3)) NIL)))));"
"c043",2,3,6,3006.4839999590004,1857676,-53.382521505676024,-1.7357863865494343,-55.11830789222546,".(C v0_) = .(.(CONS .(DIGIT 8)) .(.(CONS .(DIGIT 2)) .(.(CONS .(DIGIT 7)) .(.(CONS .(DIGIT 0)) .(.(CONS .(DIGIT 3)) NIL)))));"
"c043",2,3,7,3600.6610211300003,1942438,-1.6739764335716716,-inf,-inf,""
"c043",2,3,7,3600.8154032310003,1942440,-63.45023223167412,-2.3990252108328,-65.84925744250693,".(C .(.(CONS .(DIGIT v0_)) v1_)) = .(.(CONS .(DIGIT 8)) .(.(CONS .(DIGIT 2)) .(.(CONS .(DIGIT 7)) .(.(CONS .(DIGIT 0)) .(.(CONS .(DIGIT 3)) NIL)))));"
"c043",2,3,7,3600.8467435350003,1942444,-62.576884923129064,-2.3990252108328,-64.97591013396186,".(C v0_) = .(.(CONS .(DIGIT 8)) .(.(CONS .(DIGIT 2)) .(.(CONS .(DIGIT 7)) .(.(CONS .(DIGIT 0)) .(.(CONS .(DIGIT 3)) NIL)))));"
"c043",2,3,7,3601.0720415040005,1942476,-58.18243576845663,-2.3990252108328,-60.58146097928943,".(C v0_) = .(.(CONS .(DIGIT 8)) .(.(CONS .(DIGIT 2)) .(.(CONS .(DIGIT 7)) .(.(CONS .(DIGIT 0)) .(.(CONS .(DIGIT 3)) NIL)))));"
"c043",2,3,7,3601.1382270970003,1942483,-53.787986613784184,-2.3990252108328,-56.18701182461699,".(C v0_) = .(.(CONS .(DIGIT 8)) .(.(CONS .(DIGIT 2)) .(.(CONS .(DIGIT 7)) .(.(CONS .(DIGIT 0)) .(.(CONS .(DIGIT 3)) NIL)))));"
"c043",2,3,7,3607.9972300480003,1943359,-53.382521505676024,-2.3990252108328,-55.78154671650883,".(C v0_) = .(.(CONS .(DIGIT 8)) .(.(CONS .(DIGIT 2)) .(.(CONS .(DIGIT 7)) .(.(CONS .(DIGIT 0)) .(.(CONS .(DIGIT 3)) NIL)))));"
"c043",2,3,8,4200.650856327001,2007913,-1.6739764335716716,-inf,-inf,""
"c043",2,3,8,4200.7948252490005,2007915,-63.45023223167412,-3.1676245507739917,-66.61785678244811,".(C .(.(CONS .(DIGIT v0_)) v1_)) = .(.(CONS .(DIGIT 8)) .(.(CONS .(DIGIT 2)) .(.(CONS .(DIGIT 7)) .(.(CONS .(DIGIT 0)) .(.(CONS .(DIGIT 3)) NIL)))));"
"c043",2,3,8,4201.681726770001,2007984,-57.77697066034846,-3.1676245507739917,-60.944595211122454,".(C v0_) = .(.(CONS .(DIGIT 8)) .(.(CONS .(DIGIT 2)) .(.(CONS .(DIGIT 7)) .(.(CONS .(DIGIT 0)) .(.(CONS .(DIGIT 3)) NIL)))));"
"c043",2,3,8,4213.568798141001,2009045,-56.96604044413213,-3.1676245507739917,-60.13366499490613,".(C v0_) = .(.(CONS .(DIGIT 8)) .(.(CONS .(DIGIT 2)) .(.(CONS .(DIGIT 7)) .(.(CONS .(DIGIT 0)) .(.(CONS .(DIGIT 3)) NIL)))));"
"c043",2,3,8,4231.183451919001,2010882,-55.68510659867007,-3.1676245507739917,-58.85273114944406,".(C v0_) = .(.(CONS .(DIGIT 8)) .(.(CONS .(DIGIT 2)) .(.(CONS .(DIGIT 7)) .(.(CONS .(DIGIT 0)) .(.(CONS .(DIGIT 3)) NIL)))));"
"c043",2,3,9,4800.584860495001,2065095,-1.6739764335716716,-inf,-inf,""
"c043",2,3,9,4800.842395722,2065105,-63.45023223167412,-4.04158440637301,-67.49181663804713,".(C .(.(CONS .(DIGIT v0_)) v1_)) = .(.(CONS .(DIGIT 8)) .(.(CONS .(DIGIT 2)) .(.(CONS .(DIGIT 7)) .(.(CONS .(DIGIT 0)) .(.(CONS .(DIGIT 3)) NIL)))));"
"c043",2,3,9,4803.239944095,2065296,-60.46254800559861,-4.04158440637301,-64.50413241197163,".(C v0_) = .(.(CONS .(DIGIT 8)) .(.(CONS .(DIGIT 2)) .(.(CONS .(DIGIT 7)) .(.(CONS .(DIGIT 0)) .(.(CONS .(DIGIT 3)) NIL)))));"
"c043",2,3,9,4803.774349589001,2065351,-57.77697066034846,-4.04158440637301,-61.81855506672147,".(C v0_) = .(.(CONS .(DIGIT 8)) .(.(CONS .(DIGIT 2)) .(.(CONS .(DIGIT 7)) .(.(CONS .(DIGIT 0)) .(.(CONS .(DIGIT 3)) NIL)))));"
"c043",2,3,9,4815.860303976,2066344,-56.96604044413213,-4.04158440637301,-61.007624850505145,".(C v0_) = .(.(CONS .(DIGIT 8)) .(.(CONS .(DIGIT 2)) .(.(CONS .(DIGIT 7)) .(.(CONS .(DIGIT 0)) .(.(CONS .(DIGIT 3)) NIL)))));"
"c043",2,3,10,5400.758571979,2114753,-1.6739764335716716,-inf,-inf,""
"c043",2,3,10,5400.886192698001,2114755,-63.45023223167412,-5.0209047776298545,-68.47113700930397,".(C .(.(CONS .(DIGIT v0_)) v1_)) = .(.(CONS .(DIGIT 8)) .(.(CONS .(DIGIT 2)) .(.(CONS .(DIGIT 7)) .(.(CONS .(DIGIT 0)) .(.(CONS .(DIGIT 3)) NIL)))));"
"c043",2,3,10,5401.461760154,2114792,-60.580331041255,-5.0209047776298545,-65.60123581888486,".(C v0_) = .(.(CONS .(DIGIT 8)) .(.(CONS .(DIGIT 2)) .(.(CONS .(DIGIT 7)) .(.(CONS .(DIGIT 0)) .(.(CONS .(DIGIT 3)) NIL)))));"
"c043",2,3,10,5401.891087547,2114822,-57.77697066034846,-5.0209047776298545,-62.79787543797831,".(C v0_) = .(.(CONS .(DIGIT 8)) .(.(CONS .(DIGIT 2)) .(.(CONS .(DIGIT 7)) .(.(CONS .(DIGIT 0)) .(.(CONS .(DIGIT 3)) NIL)))));"
"c043",2,3,10,5421.593986754,2116337,-56.96604044413213,-5.0209047776298545,-61.986945221761985,".(C v0_) = .(.(CONS .(DIGIT 8)) .(.(CONS .(DIGIT 2)) .(.(CONS .(DIGIT 7)) .(.(CONS .(DIGIT 0)) .(.(CONS .(DIGIT 3)) NIL)))));"
"c043",2,3,11,6000.846937698,2157972,-1.6739764335716716,-inf,-inf,""
"c043",2,3,11,6001.0147323090005,2157975,-65.84812750447249,-6.105585664544526,-71.953713169017,".(C .(.(CONS .(DIGIT v0_)) v1_)) = .(.(CONS .(DIGIT 8)) .(.(CONS .(DIGIT 2)) .(.(CONS .(DIGIT 7)) .(.(CONS .(DIGIT 0)) .(.(CONS .(DIGIT 3)) NIL)))));"
"c043",2,3,11,6001.220026567,2157988,-63.45023223167412,-6.105585664544526,-69.55581789621864,".(C .(.(CONS .(DIGIT v0_)) v1_)) = .(.(CONS .(DIGIT 8)) .(.(CONS .(DIGIT 2)) .(.(CONS .(DIGIT 7)) .(.(CONS .(DIGIT 0)) .(.(CONS .(DIGIT 3)) NIL)))));"
"c043",2,3,11,6001.484406041,2158007,-57.77697066034846,-6.105585664544526,-63.88255632489299,".(C v0_) = .(.(CONS .(DIGIT 8)) .(.(CONS .(DIGIT 2)) .(.(CONS .(DIGIT 7)) .(.(CONS .(DIGIT 0)) .(.(CONS .(DIGIT 3)) NIL)))));"
"c043",2,3,11,6016.646682527,2158987,-56.96604044413213,-6.105585664544526,-63.07162610867666,".(C v0_) = .(.(CONS .(DIGIT 8)) .(.(CONS .(DIGIT 2)) .(.(CONS .(DIGIT 7)) .(.(CONS .(DIGIT 0)) .(.(CONS .(DIGIT 3)) NIL)))));"
"c043",3,3,1,0.000031319,1,-1.3862943611198906,-inf,-inf,""
"c043",3,3,1,0.009174367,19,-11.57488104387042,0,-11.57488104387042,"C = TAIL;"
"c043",3,3,2,601.433871768,1170651,-1.6739764335716716,-inf,-inf,""
"c043",3,3,2,601.8796530770001,1170687,-21.90869376104172,-42.90954630499723,-64.81824006603895,"> = >; C = TAIL;"
"c043",3,3,2,601.881001891,1170689,-11.994223089792563,-42.90954630499723,-54.90376939478979,"C = TAIL;"
"c043",3,3,2,601.971924828,1170818,-11.897733726484866,-42.90954630499723,-54.807280031482094,"C = TAIL;"
"c043",3,3,2,601.989647303,1170844,-21.4969284931587,-30.068693650148973,-51.56562214330767,"C = .(.(IF .(EMPTY NIL)) NIL);"
"c043",3,3,2,602.249875406,1171195,-18.642695779283386,-30.068693650148973,-48.71138942943236,"C = .(.(IF TRUE) NIL);"
"c043",3,3,2,602.323693851,1171296,-18.642695037317402,-30.068693650148973,-48.711388687466375,"C = .(.(IF TRUE) NIL);"
"c043",3,3,3,1200.806489246,1432337,-1.6739764335716716,-inf,-inf,""
"c043",3,3,3,1200.99732965,1432341,-57.425572773510574,-0.37823300764629497,-57.80380578115687,".(C v0_) = .(.(CONS .(DIGIT 8)) .(.(CONS .(DIGIT 2)) .(.(CONS .(DIGIT 7)) .(.(CONS .(DIGIT 0)) .(.(CONS .(DIGIT 3)) NIL)))));"
"c043",3,3,3,1203.784626051,1433394,-53.382521505676024,-0.37823300764629497,-53.76075451332232,".(C v0_) = .(.(CONS .(DIGIT 8)) .(.(CONS .(DIGIT 2)) .(.(CONS .(DIGIT 7)) .(.(CONS .(DIGIT 0)) .(.(CONS .(DIGIT 3)) NIL)))));"
"c043",3,3,4,1800.645305963,1609147,-1.6739764335716716,-inf,-inf,""
"c043",3,3,4,1800.668383039,1609149,-53.787986613784184,-0.7253902849561819,-54.51337689874037,".(C v0_) = .(.(CONS .(DIGIT 8)) .(.(CONS .(DIGIT 2)) .(.(CONS .(DIGIT 7)) .(.(CONS .(DIGIT 0)) .(.(CONS .(DIGIT 3)) NIL)))));"
"c043",3,3,4,1808.515480469,1611360,-53.382521505676024,-0.7253902849561819,-54.10791179063221,".(C v0_) = .(.(CONS .(DIGIT 8)) .(.(CONS .(DIGIT 2)) .(.(CONS .(DIGIT 7)) .(.(CONS .(DIGIT 0)) .(.(CONS .(DIGIT 3)) NIL)))));"
"c043",3,3,5,2400.507374026,1760567,-1.6739764335716716,-inf,-inf,""
"c043",3,3,5,2400.6790850999996,1760569,-53.787986613784184,-1.1779080779238948,-54.96589469170808,".(C v0_) = .(.(CONS .(DIGIT 8)) .(.(CONS .(DIGIT 2)) .(.(CONS .(DIGIT 7)) .(.(CONS .(DIGIT 0)) .(.(CONS .(DIGIT 3)) NIL)))));"
"c043",3,3,5,2406.6308140929996,1761753,-53.382521505676024,-1.1779080779238948,-54.56042958359992,".(C v0_) = .(.(CONS .(DIGIT 8)) .(.(CONS .(DIGIT 2)) .(.(CONS .(DIGIT 7)) .(.(CONS .(DIGIT 0)) .(.(CONS .(DIGIT 3)) NIL)))));"
"c043",3,3,6,3000.5266856529997,1871432,-1.6739764335716716,-inf,-inf,""
"c043",3,3,6,3000.685598018,1871434,-63.45023223167412,-1.7357863865494343,-65.18601861822356,".(C .(.(CONS .(DIGIT v0_)) v1_)) = .(.(CONS .(DIGIT 8)) .(.(CONS .(DIGIT 2)) .(.(CONS .(DIGIT 7)) .(.(CONS .(DIGIT 0)) .(.(CONS .(DIGIT 3)) NIL)))));"
"c043",3,3,6,3000.6991206069997,1871436,-58.18243576845663,-1.7357863865494343,-59.91822215500606,".(C v0_) = .(.(CONS .(DIGIT 8)) .(.(CONS .(DIGIT 2)) .(.(CONS .(DIGIT 7)) .(.(CONS .(DIGIT 0)) .(.(CONS .(DIGIT 3)) NIL)))));"
"c043",3,3,6,3000.767879614,1871444,-53.787986613784184,-1.7357863865494343,-55.52377300033362,".(C v0_) = .(.(CONS .(DIGIT 8)) .(.(CONS .(DIGIT 2)) .(.(CONS .(DIGIT 7)) .(.(CONS .(DIGIT 0)) .(.(CONS .(DIGIT 3)) NIL)))));"
"c043",3,3,6,3006.537151827,1872382,-53.382521505676024,-1.7357863865494343,-55.11830789222546,".(C v0_) = .(.(CONS .(DIGIT 8)) .(.(CONS .(DIGIT 2)) .(.(CONS .(DIGIT 7)) .(.(CONS .(DIGIT 0)) .(.(CONS .(DIGIT 3)) NIL)))));"
"c043",3,3,7,3600.608551608,1955618,-1.6739764335716716,-inf,-inf,""
"c043",3,3,7,3600.717308447,1955620,-63.45023223167412,-2.3990252108328,-65.84925744250693,".(C .(.(CONS .(DIGIT v0_)) v1_)) = .(.(CONS .(DIGIT 8)) .(.(CONS .(DIGIT 2)) .(.(CONS .(DIGIT 7)) .(.(CONS .(DIGIT 0)) .(.(CONS .(DIGIT 3)) NIL)))));"
"c043",3,3,7,3600.9285602630002,1955647,-58.18243576845663,-2.3990252108328,-60.58146097928943,".(C v0_) = .(.(CONS .(DIGIT 8)) .(.(CONS .(DIGIT 2)) .(.(CONS .(DIGIT 7)) .(.(CONS .(DIGIT 0)) .(.(CONS .(DIGIT 3)) NIL)))));"
"c043",3,3,7,3601.209837581,1955686,-53.787986613784184,-2.3990252108328,-56.18701182461699,".(C v0_) = .(.(CONS .(DIGIT 8)) .(.(CONS .(DIGIT 2)) .(.(CONS .(DIGIT 7)) .(.(CONS .(DIGIT 0)) .(.(CONS .(DIGIT 3)) NIL)))));"
"c043",3,3,7,3608.327229238,1956514,-53.382521505676024,-2.3990252108328,-55.78154671650883,".(C v0_) = .(.(CONS .(DIGIT 8)) .(.(CONS .(DIGIT 2)) .(.(CONS .(DIGIT 7)) .(.(CONS .(DIGIT 0)) .(.(CONS .(DIGIT 3)) NIL)))));"
"c043",3,3,8,4200.64347829,2021269,-1.6739764335716716,-inf,-inf,""
"c043",3,3,8,4200.867978775,2021279,-63.45023223167412,-3.1676245507739917,-66.61785678244811,".(C .(.(CONS .(DIGIT v0_)) v1_)) = .(.(CONS .(DIGIT 8)) .(.(CONS .(DIGIT 2)) .(.(CONS .(DIGIT 7)) .(.(CONS .(DIGIT 0)) .(.(CONS .(DIGIT 3)) NIL)))));"
"c043",3,3,8,4207.002831346999,2021838,-60.329016612974094,-3.1676245507739917,-63.49664116374809,".(C v0_) = .(.(CONS .(DIGIT 8)) .(.(CONS .(DIGIT 2)) .(.(CONS .(DIGIT 7)) .(.(CONS .(DIGIT 0)) .(.(CONS .(DIGIT 3)) NIL)))));"
"c043",3,3,8,4209.495371024,2022078,-56.96604044413213,-3.1676245507739917,-60.13366499490613,".(C v0_) = .(.(CONS .(DIGIT 8)) .(.(CONS .(DIGIT 2)) .(.(CONS .(DIGIT 7)) .(.(CONS .(DIGIT 0)) .(.(CONS .(DIGIT 3)) NIL)))));"
"c043",3,3,8,4239.099243545999,2025074,-55.68510659867007,-3.1676245507739917,-58.85273114944406,".(C v0_) = .(.(CONS .(DIGIT 8)) .(.(CONS .(DIGIT 2)) .(.(CONS .(DIGIT 7)) .(.(CONS .(DIGIT 0)) .(.(CONS .(DIGIT 3)) NIL)))));"
"c043",3,3,9,4800.623994649999,2078195,-1.6739764335716716,-inf,-inf,""
"c043",3,3,9,4800.937123176999,2078210,-915.5081745208198,-4.04158440637301,-919.5497589271928,".(C .(.(CONS .(DIGIT 8)) .(.(CONS .(DIGIT 7)) .(.(CONS .(DIGIT 8)) .(.(CONS .(DIGIT 8)) .(.(CONS .(DIGIT 4)) .(.(CONS .(DIGIT 7)) NIL))))))) = .(.(CONS .(DIGIT 8)) .(.(CONS .(DIGIT 2)) .(.(CONS .(DIGIT 7)) .(.(CONS .(DIGIT 0)) .(.(CONS .(DIGIT 3)) NIL))))); .(C .(.(CONS .(DIGIT 9)) .(.(CONS .(DIGIT 3)) .(.(CONS .(DIGIT 7)) .(.(CONS .(DIGIT 8)) .(.(CONS .(DIGIT 2)) .(.(CONS .(DIGIT 1)) .(.(CONS .(DIGIT 9)) .(.(CONS .(DIGIT 0)) NIL))))))))) = .(.(CONS .(DIGIT 8)) .(.(CONS .(DIGIT 2)) .(.(CONS .(DIGIT 7)) .(.(CONS .(DIGIT 0)) .(.(CONS .(DIGIT 3)) NIL))))); .(C .(.(CONS .(DIGIT 0)) NIL)) = .(.(CONS .(DIGIT 8)) .(.(CONS .(DIGIT 2)) .(.(CONS .(DIGIT 7)) .(.(CONS .(DIGIT 0)) .(.(CONS .(DIGIT 3)) NIL))))); .(C .(.(CONS .(DIGIT 4)) .(.(CONS .(DIGIT 1)) .(.(CONS .(DIGIT 6)) .(.(CONS .(DIGIT 4)) .(.(CONS .(DIGIT 6)) .(.(CONS .(DIGIT 1)) .(.(CONS .(DIGIT 6)) .(.(CONS .(DIGIT 3)) .(.(CONS .(DIGIT 4)) NIL)))))))))) = .(.(CONS .(DIGIT 8)) .(.(CONS .(DIGIT 2)) .(.(CONS .(DIGIT 7)) .(.(CONS .(DIGIT 0)) .(.(CONS .(DIGIT 3)) NIL))))); .(C .(.(CONS .(DIGIT 5)) .(.(CONS .(DIGIT 5)) .(.(CONS .(DIGIT 5)) .(.(CONS .(DIGIT 6)) .(.(CONS .(DIGIT 6)) .(.(CONS .(DIGIT 5)) .(.(CONS .(DIGIT 6)) .(.(CONS .(DIGIT 5)) .(.(CONS .(DIGIT 6)) .(.(CONS .(DIGIT 6)) NIL))))))))))) = .(.(CONS .(DIGIT 8)) .(.(CONS .(DIGIT 2)) .(.(CONS .(DIGIT 7)) .(.(CONS .(DIGIT 0)) .(.(CONS .(DIGIT 3)) NIL))))); .(C .(.(CONS .(DIGIT 1)) .(.(CONS .(DIGIT 1)) .(.(CONS .(DIGIT 1)) .(.(CONS .(DIGIT 1)) .(.(CONS .(DIGIT 1)) .(.(CONS .(DIGIT 1)) .(.(CONS .(DIGIT 1)) .(.(CONS .(DIGIT 1)) .(.(CONS .(DIGIT 1)) .(.(CONS .(DIGIT 1)) NIL))))))))))) = .(.(CONS .(DIGIT 8)) .(.(CONS .(DIGIT 2)) .(.(CONS .(DIGIT 7)) .(.(CONS .(DIGIT 0)) .(.(CONS .(DIGIT 3)) NIL))))); .(C .(.(CONS .(DIGIT 4)) .(.(CONS .(DIGIT 4)) .(.(CONS .(DIGIT 6)) .(.(CONS .(DIGIT 4)) .(.(CONS .(DIGIT 6)) .(.(CONS .(DIGIT 6)) .(.(CONS .(DIGIT 6)) .(.(CONS .(DIGIT 4)) .(.(CONS .(DIGIT 6)) NIL)))))))))) = .(.(CONS .(DIGIT 8)) .(.(CONS .(DIGIT 2)) .(.(CONS .(DIGIT 7)) .(.(CONS .(DIGIT 0)) .(.(CONS .(DIGIT 3)) NIL))))); .(C .(.(CONS .(DIGIT 5)) .(.(CONS .(DIGIT 5)) .(.(CONS .(DIGIT 5)) .(.(CONS .(DIGIT 5)) .(.(CONS .(DIGIT 5)) NIL)))))) = .(.(CONS .(DIGIT 8)) .(.(CONS .(DIGIT 2)) .(.(CONS .(DIGIT 7)) .(.(CONS .(DIGIT 0)) .(.(CONS .(DIGIT 3)) NIL))))); 1 = 4; C = TAIL;"
"c043",3,3,9,4800.972196567999,2078213,-63.45023223167412,-4.04158440637301,-67.49181663804713,".(C .(.(CONS .(DIGIT v0_)) v1_)) = .(.(CONS .(DIGIT 8)) .(.(CONS .(DIGIT 2)) .(.(CONS .(DIGIT 7)) .(.(CONS .(DIGIT 0)) .(.(CONS .(DIGIT 3)) NIL)))));"
"c043",3,3,9,4802.222773830999,2078316,-60.46254800559861,-4.04158440637301,-64.50413241197163,".(C v0_) = .(.(CONS .(DIGIT 8)) .(.(CONS .(DIGIT 2)) .(.(CONS .(DIGIT 7)) .(.(CONS .(DIGIT 0)) .(.(CONS .(DIGIT 3)) NIL)))));"
"c043",3,3,9,4809.032845471,2078885,-57.77697066034846,-4.04158440637301,-61.81855506672147,".(C v0_) = .(.(CONS .(DIGIT 8)) .(.(CONS .(DIGIT 2)) .(.(CONS .(DIGIT 7)) .(.(CONS .(DIGIT 0)) .(.(CONS .(DIGIT 3)) NIL)))));"
"c043",3,3,9,4813.380458843999,2079234,-56.96604044413213,-4.04158440637301,-61.007624850505145,".(C v0_) = .(.(CONS .(DIGIT 8)) .(.(CONS .(DIGIT 2)) .(.(CONS .(DIGIT 7)) .(.(CONS .(DIGIT 0)) .(.(CONS .(DIGIT 3)) NIL)))));"
"c043",3,3,10,5400.710573586,2127850,-1.6739764335716716,-inf,-inf,""
"c043",3,3,10,5401.350648064999,2127887,-63.45023223167412,-5.0209047776298545,-68.47113700930397,".(C .(.(CONS .(DIGIT v0_)) v1_)) = .(.(CONS .(DIGIT 8)) .(.(CONS .(DIGIT 2)) .(.(CONS .(DIGIT 7)) .(.(CONS .(DIGIT 0)) .(.(CONS .(DIGIT 3)) NIL)))));"
"c043",3,3,10,5402.195466161999,2127951,-60.580331041255,-5.0209047776298545,-65.60123581888486,".(C v0_) = .(.(CONS .(DIGIT 8)) .(.(CONS .(DIGIT 2)) .(.(CONS .(DIGIT 7)) .(.(CONS .(DIGIT 0)) .(.(CONS .(DIGIT 3)) NIL)))));"
"c043",3,3,10,5411.099888123999,2128571,-57.77697066034846,-5.0209047776298545,-62.79787543797831,".(C v0_) = .(.(CONS .(DIGIT 8)) .(.(CONS .(DIGIT 2)) .(.(CONS .(DIGIT 7)) .(.(CONS .(DIGIT 0)) .(.(CONS .(DIGIT 3)) NIL)))));"
"c043",3,3,10,5414.529611039,2128810,-56.96604044413213,-5.0209047776298545,-61.986945221761985,".(C v0_) = .(.(CONS .(DIGIT 8)) .(.(CONS .(DIGIT 2)) .(.(CONS .(DIGIT 7)) .(.(CONS .(DIGIT 0)) .(.(CONS .(DIGIT 3)) NIL)))));"
"c043",3,3,11,6000.782328318,2170425,-1.6739764335716716,-inf,-inf,""
"c043",3,3,11,6000.900549971,2170427,-63.45023223167412,-6.105585664544526,-69.55581789621864,".(C .(.(CONS .(DIGIT v0_)) v1_)) = .(.(CONS .(DIGIT 8)) .(.(CONS .(DIGIT 2)) .(.(CONS .(DIGIT 7)) .(.(CONS .(DIGIT 0)) .(.(CONS .(DIGIT 3)) NIL)))));"
"c043",3,3,11,6001.270501581,2170451,-57.77697066034846,-6.105585664544526,-63.88255632489299,".(C v0_) = .(.(CONS .(DIGIT 8)) .(.(CONS .(DIGIT 2)) .(.(CONS .(DIGIT 7)) .(.(CONS .(DIGIT 0)) .(.(CONS .(DIGIT 3)) NIL)))));"
"c043",3,3,11,6018.478802093,2171624,-56.96604044413213,-6.105585664544526,-63.07162610867666,".(C v0_) = .(.(CONS .(DIGIT 8)) .(.(CONS .(DIGIT 2)) .(.(CONS .(DIGIT 7)) .(.(CONS .(DIGIT 0)) .(.(CONS .(DIGIT 3)) NIL)))));"
"c043",4,3,1,0.000021732,1,-1.3862943611198906,-inf,-inf,""
"c043",4,3,1,0.003704776,19,-11.57488104387042,0,-11.57488104387042,"C = TAIL;"
"c043",4,3,2,601.4583844260001,1118279,-1.6739764335716716,-inf,-inf,""
"c043",4,3,2,601.739445861,1118287,-24.745897789869492,-42.90954630499723,-67.65544409486672,"TAIL = .(CONS NAN); C = TAIL;"
"c043",4,3,2,601.7420601900001,1118291,-11.994223099602747,-42.90954630499723,-54.90376940459998,"C = TAIL;"
"c043",4,3,2,601.758621746,1118313,-11.99422297937095,-42.90954630499723,-54.90376928436818,"C = TAIL;"
"c043",4,3,2,601.875176439,1118458,-18.642695781886527,-30.068693650148973,-48.7113894320355,"C = .(.(IF TRUE) NIL);"
"c043",4,3,2,602.074939954,1118665,-18.64269578184422,-30.068693650148973,-48.7113894319932,"C = .(.(IF TRUE) NIL);"
"c043",4,3,2,602.115841285,1118724,-18.531831814004683,-30.068693650148973,-48.600525464153655,"C = .(.(IF TRUE) NIL);"
"c043",4,3,3,1200.7979981810001,1385928,-1.6739764335716716,-inf,-inf,""
"c043",4,3,3,1200.976033446,1385936,-58.47011784090841,-0.37823300764629497,-58.8483508485547,".(C v0_) = .(.(CONS .(DIGIT 8)) .(.(CONS .(DIGIT 2)) .(.(CONS .(DIGIT 7)) .(.(CONS .(DIGIT 0)) .(.(CONS .(DIGIT 3)) NIL)))));"
"c043",4,3,3,1201.027611636,1385959,-57.739230332365615,-0.37823300764629497,-58.11746334001191,".(C v0_) = .(.(CONS .(DIGIT 8)) .(.(CONS .(DIGIT 2)) .(.(CONS .(DIGIT 7)) .(.(CONS .(DIGIT 0)) .(.(CONS .(DIGIT 3)) NIL)))));"
"c043",4,3,3,1201.120415675,1385995,-57.425572773510574,-0.37823300764629497,-57.80380578115687,".(C v0_) = .(.(CONS .(DIGIT 8)) .(.(CONS .(DIGIT 2)) .(.(CONS .(DIGIT 7)) .(.(CONS .(DIGIT 0)) .(.(CONS .(DIGIT 3)) NIL)))));"
"c043",4,3,3,1204.037988279,1387006,-53.382521505676024,-0.37823300764629497,-53.76075451332232,".(C v0_) = .(.(CONS .(DIGIT 8)) .(.(CONS .(DIGIT 2)) .(.(CONS .(DIGIT 7)) .(.(CONS .(DIGIT 0)) .(.(CONS .(DIGIT 3)) NIL)))));"
"c043",4,3,4,1800.567105778,1562222,-1.6739764335716716,-inf,-inf,""
"c043",4,3,4,1800.6689243380001,1562224,-53.787986613784184,-0.7253902849561819,-54.51337689874037,".(C v0_) = .(.(CONS .(DIGIT 8)) .(.(CONS .(DIGIT 2)) .(.(CONS .(DIGIT 7)) .(.(CONS .(DIGIT 0)) .(.(CONS .(DIGIT 3)) NIL)))));"
"c043",4,3,4,1807.0306021190002,1564057,-53.382521505676024,-0.7253902849561819,-54.10791179063221,".(C v0_) = .(.(CONS .(DIGIT 8)) .(.(CONS .(DIGIT 2)) .(.(CONS .(DIGIT 7)) .(.(CONS .(DIGIT 0)) .(.(CONS .(DIGIT 3)) NIL)))));"
"c043",4,3,5,2400.556613931,1707902,-1.6739764335716716,-inf,-inf,""
"c043",4,3,5,2400.682279874,1707904,-53.787986613784184,-1.1779080779238948,-54.96589469170808,".(C v0_) = .(.(CONS .(DIGIT 8)) .(.(CONS .(DIGIT 2)) .(.(CONS .(DIGIT 7)) .(.(CONS .(DIGIT 0)) .(.(CONS .(DIGIT 3)) NIL)))));"
"c043",4,3,5,2407.0646887790003,1709075,-53.382521505676024,-1.1779080779238948,-54.56042958359992,".(C v0_) = .(.(CONS .(DIGIT 8)) .(.(CONS .(DIGIT 2)) .(.(CONS .(DIGIT 7)) .(.(CONS .(DIGIT 0)) .(.(CONS .(DIGIT 3)) NIL)))));"
"c043",4,3,6,3000.571194999,1807308,-1.6739764335716716,-inf,-inf,""
"c043",4,3,6,3000.66938984,1807310,-53.787986613784184,-1.7357863865494343,-55.52377300033362,".(C v0_) = .(.(CONS .(DIGIT 8)) .(.(CONS .(DIGIT 2)) .(.(CONS .(DIGIT 7)) .(.(CONS .(DIGIT 0)) .(.(CONS .(DIGIT 3)) NIL)))));"
"c043",4,3,6,3005.885362029,1808098,-53.382521505676024,-1.7357863865494343,-55.11830789222546,".(C v0_) = .(.(CONS .(DIGIT 8)) .(.(CONS .(DIGIT 2)) .(.(CONS .(DIGIT 7)) .(.(CONS .(DIGIT 0)) .(.(CONS .(DIGIT 3)) NIL)))));"
"c043",4,3,7,3600.539215793,1881805,-1.6739764335716716,-inf,-inf,""
"c043",4,3,7,3600.672191519,1881807,-63.45023223167412,-2.3990252108328,-65.84925744250693,".(C .(.(CONS .(DIGIT v0_)) v1_)) = .(.(CONS .(DIGIT 8)) .(.(CONS .(DIGIT 2)) .(.(CONS .(DIGIT 7)) .(.(CONS .(DIGIT 0)) .(.(CONS .(DIGIT 3)) NIL)))));"
"c043",4,3,7,3600.8453934080003,1881819,-53.787986613784184,-2.3990252108328,-56.18701182461699,".(C v0_) = .(.(CONS .(DIGIT 8)) .(.(CONS .(DIGIT 2)) .(.(CONS .(DIGIT 7)) .(.(CONS .(DIGIT 0)) .(.(CONS .(DIGIT 3)) NIL)))));"
"c043",4,3,7,3607.562215241,1882569,-53.382521505676024,-2.3990252108328,-55.78154671650883,".(C v0_) = .(.(CONS .(DIGIT 8)) .(.(CONS .(DIGIT 2)) .(.(CONS .(DIGIT 7)) .(.(CONS .(DIGIT 0)) .(.(CONS .(DIGIT 3)) NIL)))));"
"c043",4,3,8,4200.6347004009995,1940090,-1.6739764335716716,-inf,-inf,""
"c043",4,3,8,4200.730118949,1940092,-63.45023223167412,-3.1676245507739917,-66.61785678244811,".(C .(.(CONS .(DIGIT v0_)) v1_)) = .(.(CONS .(DIGIT 8)) .(.(CONS .(DIGIT 2)) .(.(CONS .(DIGIT 7)) .(.(CONS .(DIGIT 0)) .(.(CONS .(DIGIT 3)) NIL)))));"
"c043",4,3,8,4202.23725227,1940241,-60.329016612974094,-3.1676245507739917,-63.49664116374809,".(C v0_) = .(.(CONS .(DIGIT 8)) .(.(CONS .(DIGIT 2)) .(.(CONS .(DIGIT 7)) .(.(CONS .(DIGIT 0)) .(.(CONS .(DIGIT 3)) NIL)))));"
"c043",4,3,8,4204.454892378,1940461,-57.77697066034846,-3.1676245507739917,-60.944595211122454,".(C v0_) = .(.(CONS .(DIGIT 8)) .(.(CONS .(DIGIT 2)) .(.(CONS .(DIGIT 7)) .(.(CONS .(DIGIT 0)) .(.(CONS .(DIGIT 3)) NIL)))));"
"c043",4,3,8,4210.055476192,1940970,-56.96604044413213,-3.1676245507739917,-60.13366499490613,".(C v0_) = .(.(CONS .(DIGIT 8)) .(.(CONS .(DIGIT 2)) .(.(CONS .(DIGIT 7)) .(.(CONS .(DIGIT 0)) .(.(CONS .(DIGIT 3)) NIL)))));"
"c043",4,3,8,4230.52665934,1943023,-55.68510659867007,-3.1676245507739917,-58.85273114944406,".(C v0_) = .(.(CONS .(DIGIT 8)) .(.(CONS .(DIGIT 2)) .(.(CONS .(DIGIT 7)) .(.(CONS .(DIGIT 0)) .(.(CONS .(DIGIT 3)) NIL)))));"
"c043",4,3,9,4800.635616561,1990292,-1.6739764335716716,-inf,-inf,""
"c043",4,3,9,4800.770623269999,1990294,-63.45023223167412,-4.04158440637301,-67.49181663804713,".(C .(.(CONS .(DIGIT v0_)) v1_)) = .(.(CONS .(DIGIT 8)) .(.(CONS .(DIGIT 2)) .(.(CONS .(DIGIT 7)) .(.(CONS .(DIGIT 0)) .(.(CONS .(DIGIT 3)) NIL)))));"
"c043",4,3,9,4807.9316387,1990845,-57.77697066034846,-4.04158440637301,-61.81855506672147,".(C v0_) = .(.(CONS .(DIGIT 8)) .(.(CONS .(DIGIT 2)) .(.(CONS .(DIGIT 7)) .(.(CONS .(DIGIT 0)) .(.(CONS .(DIGIT 3)) NIL)))));"
"c043",4,3,9,4816.817930413,1991451,-56.96604044413213,-4.04158440637301,-61.007624850505145,".(C v0_) = .(.(CONS .(DIGIT 8)) .(.(CONS .(DIGIT 2)) .(.(CONS .(DIGIT 7)) .(.(CONS .(DIGIT 0)) .(.(CONS .(DIGIT 3)) NIL)))));"
"c043",4,3,10,5400.677493374999,2034264,-1.6739764335716716,-inf,-inf,""
"c043",4,3,10,5400.808463740999,2034266,-63.45023223167412,-5.0209047776298545,-68.47113700930397,".(C .(.(CONS .(DIGIT v0_)) v1_)) = .(.(CONS .(DIGIT 8)) .(.(CONS .(DIGIT 2)) .(.(CONS .(DIGIT 7)) .(.(CONS .(DIGIT 0)) .(.(CONS .(DIGIT 3)) NIL)))));"
"c043",4,3,10,5402.772494049999,2034407,-57.77697066034846,-5.0209047776298545,-62.79787543797831,".(C v0_) = .(.(CONS .(DIGIT 8)) .(.(CONS .(DIGIT 2)) .(.(CONS .(DIGIT 7)) .(.(CONS .(DIGIT 0)) .(.(CONS .(DIGIT 3)) NIL)))));"
"c043",4,3,10,5411.806025262,2035050,-56.96604044413213,-5.0209047776298545,-61.986945221761985,".(C v0_) = .(.(CONS .(DIGIT 8)) .(.(CONS .(DIGIT 2)) .(.(CONS .(DIGIT 7)) .(.(CONS .(DIGIT 0)) .(.(CONS .(DIGIT 3)) NIL)))));"
"c043",4,3,11,6000.764095103999,2073713,-1.6739764335716716,-inf,-inf,""
"c043",4,3,11,6000.879145692,2073715,-63.45023223167412,-6.105585664544526,-69.55581789621864,".(C .(.(CONS .(DIGIT v0_)) v1_)) = .(.(CONS .(DIGIT 8)) .(.(CONS .(DIGIT 2)) .(.(CONS .(DIGIT 7)) .(.(CONS .(DIGIT 0)) .(.(CONS .(DIGIT 3)) NIL)))));"
"c043",4,3,11,6002.572487025999,2073816,-60.68569155691282,-6.105585664544526,-66.79127722145735,".(C v0_) = .(.(CONS .(DIGIT 8)) .(.(CONS .(DIGIT 2)) .(.(CONS .(DIGIT 7)) .(.(CONS .(DIGIT 0)) .(.(CONS .(DIGIT 3)) NIL)))));"
"c043",4,3,11,6003.419242765999,2073873,-57.77697066034846,-6.105585664544526,-63.88255632489299,".(C v0_) = .(.(CONS .(DIGIT 8)) .(.(CONS .(DIGIT 2)) .(.(CONS .(DIGIT 7)) .(.(CONS .(DIGIT 0)) .(.(CONS .(DIGIT 3)) NIL)))));"
"c043",4,3,11,6014.986033427999,2074561,-56.96604044413213,-6.105585664544526,-63.07162610867666,".(C v0_) = .(.(CONS .(DIGIT 8)) .(.(CONS .(DIGIT 2)) .(.(CONS .(DIGIT 7)) .(.(CONS .(DIGIT 0)) .(.(CONS .(DIGIT 3)) NIL)))));"
